gameId,date,pickTeamId,strategy,betType,oddsUsed,sharpOdds,success,profit,ev
21600239,2016-11-25 22:30:00,,Arbitrage,Spread,102.0,-101.0,true,0.0024629328604501843,0.0024629328604501843
21600242,2016-11-26 20:00:00,,Arbitrage,Spread,-103.0,105.0,true,0.004805959389643011,0.004805959389643011
21600242,2016-11-26 20:00:00,,Arbitrage,Spread,-103.0,105.0,true,0.004805959389643011,0.004805959389643011
40600151,2007-04-22 15:00:00,,Arbitrage,Spread,-106.0,110.0,true,0.009246417013407338,0.009246417013407338
40600151,2007-04-22 15:00:00,,Arbitrage,Spread,110.0,-105.0,true,0.011614401858304313,0.011614401858304313
40600152,2007-04-24 22:30:00,,Arbitrage,Spread,-105.0,111.0,true,0.013871228759680942,0.013871228759680942
40600152,2007-04-24 22:30:00,,Arbitrage,Spread,111.0,-110.0,true,0.0022568269013767406,0.0022568269013767406
40600152,2007-04-24 22:30:00,,Arbitrage,Spread,111.0,-110.0,true,0.0022568269013767406,0.0022568269013767406
40600162,2007-04-25 19:00:00,,Arbitrage,Spread,-109.0,112.0,true,0.00677078631398409,0.00677078631398409
40600162,2007-04-25 19:00:00,,Arbitrage,Spread,112.0,-110.0,true,0.004492362982928988,0.004492362982928988
40600162,2007-04-25 19:00:00,,Arbitrage,Spread,112.0,-110.0,true,0.004492362982928988,0.004492362982928988
40600162,2007-04-25 19:00:00,,Arbitrage,Spread,112.0,-105.0,true,0.016106764841233412,0.016106764841233412
40600162,2007-04-25 19:00:00,,Arbitrage,Spread,112.0,-110.0,true,0.004492362982928988,0.004492362982928988
40600162,2007-04-25 19:00:00,,Arbitrage,Spread,112.0,-110.0,true,0.004492362982928988,0.004492362982928988
21600208,2016-11-22 19:30:00,,Arbitrage,Spread,104.0,-102.0,true,0.004853426519122461,0.004853426519122461
21600208,2016-11-22 19:30:00,,Arbitrage,Spread,104.0,-101.0,true,0.007316359379572646,0.007316359379572646
21600208,2016-11-22 19:30:00,,Arbitrage,Spread,104.0,-101.0,true,0.007316359379572646,0.007316359379572646
40600112,2007-04-25 20:00:00,,Arbitrage,Spread,-104.0,105.0,true,0.002391200382592107,0.002391200382592107
20600433,2006-12-29 19:30:00,,Arbitrage,Spread,107.0,-105.0,true,0.0047130906091670255,0.0047130906091670255
40600123,2007-04-27 19:00:00,,Arbitrage,Spread,-102.0,108.0,true,0.014280274181264319,0.014280274181264319
40600121,2007-04-21 12:30:00,,Arbitrage,Spread,102.0,112.0,true,0.03325238184195789,0.03325238184195789
40600121,2007-04-21 12:30:00,,Arbitrage,Spread,112.0,-110.0,true,0.004492362982928988,0.004492362982928988
40600121,2007-04-21 12:30:00,,Arbitrage,Spread,112.0,-110.0,true,0.004492362982928988,0.004492362982928988
40600121,2007-04-21 12:30:00,,Arbitrage,Spread,112.0,-110.0,true,0.004492362982928988,0.004492362982928988
20600453,2006-12-31 16:00:00,,Arbitrage,Spread,111.0,-110.0,true,0.0022568269013767406,0.0022568269013767406
20600453,2006-12-31 16:00:00,,Arbitrage,Spread,111.0,-110.0,true,0.0022568269013767406,0.0022568269013767406
20600453,2006-12-31 16:00:00,,Arbitrage,Spread,111.0,-110.0,true,0.0022568269013767406,0.0022568269013767406
20600460,2007-01-02 19:00:00,,Arbitrage,Spread,110.0,-105.0,true,0.011614401858304313,0.011614401858304313
40600103,2007-04-26 20:00:00,,Arbitrage,Spread,-103.0,108.0,true,0.011841606669192872,0.011841606669192872
20600489,2007-01-05 22:30:00,,Arbitrage,Spread,106.0,-105.0,true,0.0023679848448969754,0.0023679848448969754
20600489,2007-01-05 22:30:00,,Arbitrage,Spread,106.0,-105.0,true,0.0023679848448969754,0.0023679848448969754
21600281,2016-12-01 22:30:00,,Arbitrage,Spread,109.0,-103.0,true,0.014141937916892444,0.014141937916892444
21600281,2016-12-01 22:30:00,,Arbitrage,Spread,109.0,-105.0,true,0.009335978527249322,0.009335978527249322
21600281,2016-12-01 22:30:00,,Arbitrage,Spread,109.0,-103.0,true,0.014141937916892444,0.014141937916892444
21600272,2016-11-30 20:30:00,,Arbitrage,Spread,102.0,-101.0,true,0.0024629328604501843,0.0024629328604501843
21600272,2016-11-30 20:30:00,,Arbitrage,Spread,102.0,100.0,true,0.004950495049504955,0.004950495049504955
21000478,2010-12-31 15:00:00,,Arbitrage,Spread,108.0,-105.0,true,0.0070356472795497504,0.0070356472795497504
20900399,2009-12-20 19:30:00,,Arbitrage,Spread,111.0,-110.0,true,0.0022568269013767406,0.0022568269013767406
20900399,2009-12-20 19:30:00,,Arbitrage,Spread,111.0,-110.0,true,0.0022568269013767406,0.0022568269013767406
20900399,2009-12-20 19:30:00,,Arbitrage,Spread,111.0,-110.0,true,0.0022568269013767406,0.0022568269013767406
20900399,2009-12-20 19:30:00,,Arbitrage,Spread,111.0,-110.0,true,0.0022568269013767406,0.0022568269013767406
20900399,2009-12-20 19:30:00,,Arbitrage,Spread,111.0,-110.0,true,0.0022568269013767406,0.0022568269013767406
20900399,2009-12-20 19:30:00,,Arbitrage,Spread,111.0,-110.0,true,0.0022568269013767406,0.0022568269013767406
21000424,2010-12-22 19:30:00,,Arbitrage,Spread,105.0,-102.0,true,0.007244626901714568,0.007244626901714568
21000492,2011-01-02 13:00:00,,Arbitrage,Spread,105.0,-102.0,true,0.007244626901714568,0.007244626901714568
20900307,2009-12-08 22:30:00,,Arbitrage,Spread,106.0,-105.0,true,0.0023679848448969754,0.0023679848448969754
41000135,2011-04-26 19:30:00,,Arbitrage,Spread,106.0,-105.0,true,0.0023679848448969754,0.0023679848448969754
20600304,2006-12-11 19:30:00,,Arbitrage,Spread,106.0,-105.0,true,0.0023679848448969754,0.0023679848448969754
20600300,2006-12-11 19:00:00,,Arbitrage,Spread,111.0,-110.0,true,0.0022568269013767406,0.0022568269013767406
20600300,2006-12-11 19:00:00,,Arbitrage,Spread,111.0,-105.0,true,0.013871228759680942,0.013871228759680942
20600300,2006-12-11 19:00:00,,Arbitrage,Spread,111.0,-110.0,true,0.0022568269013767406,0.0022568269013767406
20600307,2006-12-11 21:00:00,,Arbitrage,Spread,108.0,-105.0,true,0.0070356472795497504,0.0070356472795497504
21600319,2016-12-06 20:00:00,,Arbitrage,Spread,106.0,-105.0,true,0.0023679848448969754,0.0023679848448969754
20600328,2006-12-14 22:30:00,,Arbitrage,Spread,107.0,-105.0,true,0.0047130906091670255,0.0047130906091670255
20600337,2006-12-15 21:00:00,,Arbitrage,Spread,111.0,-110.0,true,0.0022568269013767406,0.0022568269013767406
20600337,2006-12-15 21:00:00,,Arbitrage,Spread,111.0,-109.0,true,0.00453525023243162,0.00453525023243162
41000163,2011-04-21 22:30:00,,Arbitrage,Spread,103.0,-102.0,true,0.0024386675120714463,0.0024386675120714463
20600357,2006-12-18 19:30:00,,Arbitrage,Spread,111.0,-110.0,true,0.0022568269013767406,0.0022568269013767406
20600357,2006-12-18 19:30:00,,Arbitrage,Spread,111.0,-110.0,true,0.0022568269013767406,0.0022568269013767406
20600357,2006-12-18 19:30:00,,Arbitrage,Spread,111.0,-110.0,true,0.0022568269013767406,0.0022568269013767406
20600360,2006-12-18 21:00:00,,Arbitrage,Spread,110.0,-105.0,true,0.011614401858304313,0.011614401858304313
20600378,2006-12-21 22:30:00,,Arbitrage,Spread,103.0,-101.0,true,0.004901600372521631,0.004901600372521631
21300449,2013-12-29 18:00:00,,Arbitrage,Spread,102.0,100.0,true,0.004950495049504955,0.004950495049504955
21300451,2013-12-29 19:00:00,,Arbitrage,Spread,102.0,100.0,true,0.004950495049504955,0.004950495049504955
21000335,2010-12-10 20:00:00,,Arbitrage,Spread,104.0,-103.0,true,0.002414759007051126,0.002414759007051126
21000340,2010-12-10 22:30:00,,Arbitrage,Spread,104.0,-102.0,true,0.004853426519122461,0.004853426519122461
21000349,2010-12-12 12:00:00,,Arbitrage,Spread,104.0,-102.0,true,0.004853426519122461,0.004853426519122461
21600418,2016-12-20 19:00:00,,Arbitrage,Spread,107.0,-105.0,true,0.0047130906091670255,0.0047130906091670255
21600418,2016-12-20 19:00:00,,Arbitrage,Spread,107.0,-105.0,true,0.0047130906091670255,0.0047130906091670255
21600418,2016-12-20 19:00:00,,Arbitrage,Spread,-105.0,107.0,true,0.0047130906091670255,0.0047130906091670255
21600418,2016-12-20 19:00:00,,Arbitrage,Spread,-105.0,107.0,true,0.0047130906091670255,0.0047130906091670255
21000378,2010-12-16 19:00:00,,Arbitrage,Spread,105.0,-102.0,true,0.007244626901714568,0.007244626901714568
41300303,2014-05-24 20:30:00,,Arbitrage,Spread,-101.0,105.0,true,0.009707559762164752,0.009707559762164752
20600640,2007-01-26 20:00:00,,Arbitrage,Spread,111.0,-110.0,true,0.0022568269013767406,0.0022568269013767406
20600640,2007-01-26 20:00:00,,Arbitrage,Spread,111.0,-110.0,true,0.0022568269013767406,0.0022568269013767406
20600640,2007-01-26 20:00:00,,Arbitrage,Spread,111.0,-110.0,true,0.0022568269013767406,0.0022568269013767406
21600084,2016-11-05 19:30:00,,Arbitrage,Spread,102.0,-101.0,true,0.0024629328604501843,0.0024629328604501843
21600084,2016-11-05 19:30:00,,Arbitrage,Spread,-101.0,103.0,true,0.004901600372521631,0.004901600372521631
21600084,2016-11-05 19:30:00,,Arbitrage,Spread,-101.0,103.0,true,0.004901600372521631,0.004901600372521631
21000220,2010-11-25 20:00:00,,Arbitrage,Spread,110.0,-102.0,true,0.01885902876001888,0.01885902876001888
21000241,2010-11-27 22:00:00,,Arbitrage,Spread,106.0,-103.0,true,0.007173944234540097,0.007173944234540097
21000230,2010-11-26 21:00:00,,Arbitrage,Spread,106.0,-105.0,true,0.0023679848448969754,0.0023679848448969754
21600142,2016-11-13 19:00:00,,Arbitrage,Spread,100.0,102.0,true,0.004950495049504955,0.004950495049504955
21600129,2016-11-12 19:00:00,,Arbitrage,Spread,-101.0,102.0,true,0.0024629328604501843,0.0024629328604501843
20600500,2007-01-07 16:00:00,,Arbitrage,Spread,111.0,-110.0,true,0.0022568269013767406,0.0022568269013767406
20600500,2007-01-07 16:00:00,,Arbitrage,Spread,111.0,-110.0,true,0.0022568269013767406,0.0022568269013767406
20600500,2007-01-07 16:00:00,,Arbitrage,Spread,111.0,-105.0,true,0.013871228759680942,0.013871228759680942
20600524,2007-01-10 20:30:00,,Arbitrage,Spread,111.0,-110.0,true,0.0022568269013767406,0.0022568269013767406
20600524,2007-01-10 20:30:00,,Arbitrage,Spread,111.0,-110.0,true,0.0022568269013767406,0.0022568269013767406
20600524,2007-01-10 20:30:00,,Arbitrage,Spread,111.0,-110.0,true,0.0022568269013767406,0.0022568269013767406
20600522,2007-01-10 20:00:00,,Arbitrage,Spread,105.0,-102.0,true,0.007244626901714568,0.007244626901714568
20600561,2007-01-15 15:30:00,,Arbitrage,Spread,111.0,-110.0,true,0.0022568269013767406,0.0022568269013767406
20600561,2007-01-15 15:30:00,,Arbitrage,Spread,111.0,-108.0,true,0.006835581480131303,0.006835581480131303
20900181,2009-11-20 22:30:00,,Arbitrage,Spread,110.0,-109.0,true,0.0022784233310549906,0.0022784233310549906
20600593,2007-01-20 19:00:00,,Arbitrage,Spread,106.0,-105.0,true,0.0023679848448969754,0.0023679848448969754
20600595,2007-01-20 20:00:00,,Arbitrage,Spread,111.0,-110.0,true,0.0022568269013767406,0.0022568269013767406
20600595,2007-01-20 20:00:00,,Arbitrage,Spread,111.0,-110.0,true,0.0022568269013767406,0.0022568269013767406
20600595,2007-01-20 20:00:00,,Arbitrage,Spread,111.0,-110.0,true,0.0022568269013767406,0.0022568269013767406
21600180,2016-11-18 20:30:00,,Arbitrage,Spread,102.0,-101.0,true,0.0024629328604501843,0.0024629328604501843
21600177,2016-11-18 20:00:00,,Arbitrage,Spread,-103.0,105.0,true,0.004805959389643011,0.004805959389643011
21000117,2010-11-10 22:00:00,,Arbitrage,Spread,111.0,-110.0,true,0.0022568269013767406,0.0022568269013767406
21000117,2010-11-10 22:00:00,,Arbitrage,Spread,111.0,-110.0,true,0.0022568269013767406,0.0022568269013767406
21000117,2010-11-10 22:00:00,,Arbitrage,Spread,111.0,-110.0,true,0.0022568269013767406,0.0022568269013767406
21000117,2010-11-10 22:00:00,,Arbitrage,Spread,111.0,-110.0,true,0.0022568269013767406,0.0022568269013767406
21000117,2010-11-10 22:00:00,,Arbitrage,Spread,111.0,-110.0,true,0.0022568269013767406,0.0022568269013767406
21000117,2010-11-10 22:00:00,,Arbitrage,Spread,111.0,-110.0,true,0.0022568269013767406,0.0022568269013767406
11700001,2017-09-30 20:30:00,,Arbitrage,Spread,101.0,100.0,true,0.0024875621890546595,0.0024875621890546595
11700001,2017-09-30 20:30:00,,Arbitrage,Spread,101.0,100.0,true,0.0024875621890546595,0.0024875621890546595
21000175,2010-11-19 19:30:00,,Arbitrage,Spread,110.0,-105.0,true,0.011614401858304313,0.011614401858304313
21000175,2010-11-19 19:30:00,,Arbitrage,Spread,110.0,-109.0,true,0.0022784233310549906,0.0022784233310549906
21000198,2010-11-22 20:30:00,,Arbitrage,Spread,103.0,-102.0,true,0.0024386675120714463,0.0024386675120714463
21000139,2010-11-14 14:00:00,,Arbitrage,Spread,103.0,-102.0,true,0.0024386675120714463,0.0024386675120714463
21000129,2010-11-12 22:30:00,,Arbitrage,Spread,110.0,-109.0,true,0.0022784233310549906,0.0022784233310549906
20900209,2009-11-25 19:00:00,,Arbitrage,Spread,106.0,-104.0,true,0.004759185227489082,0.004759185227489082
21000155,2010-11-16 20:00:00,,Arbitrage,Spread,-103.0,105.0,true,0.004805959389643011,0.004805959389643011
40900402,2010-06-06 20:00:00,,Arbitrage,Spread,114.0,-103.0,true,0.025321117812255323,0.025321117812255323
40900402,2010-06-06 20:00:00,,Arbitrage,Spread,114.0,-110.0,true,0.008900756564307888,0.008900756564307888
40900402,2010-06-06 20:00:00,,Arbitrage,Spread,114.0,-110.0,true,0.008900756564307888,0.008900756564307888
40900402,2010-06-06 20:00:00,,Arbitrage,Spread,114.0,-110.0,true,0.008900756564307888,0.008900756564307888
40900402,2010-06-06 20:00:00,,Arbitrage,Spread,114.0,-110.0,true,0.008900756564307888,0.008900756564307888
21201038,2013-03-23 22:30:00,,Arbitrage,Spread,104.0,-102.0,true,0.004853426519122461,0.004853426519122461
20600070,2006-11-09 22:30:00,,Arbitrage,Spread,-108.0,110.0,true,0.0045787545787546735,0.0045787545787546735
20600085,2006-11-11 20:00:00,,Arbitrage,Spread,115.0,-110.0,true,0.011074197120708673,0.011074197120708673
20600085,2006-11-11 20:00:00,,Arbitrage,Spread,115.0,-110.0,true,0.011074197120708673,0.011074197120708673
20600085,2006-11-11 20:00:00,,Arbitrage,Spread,115.0,-110.0,true,0.011074197120708673,0.011074197120708673
21000060,2010-11-03 21:00:00,,Arbitrage,Spread,105.0,-103.0,true,0.004805959389643011,0.004805959389643011
21000079,2010-11-05 22:30:00,,Arbitrage,Spread,112.0,-103.0,true,0.020912724230876423,0.020912724230876423
21000079,2010-11-05 22:30:00,,Arbitrage,Spread,112.0,-110.0,true,0.004492362982928988,0.004492362982928988
21000079,2010-11-05 22:30:00,,Arbitrage,Spread,112.0,-110.0,true,0.004492362982928988,0.004492362982928988
21000079,2010-11-05 22:30:00,,Arbitrage,Spread,112.0,-110.0,true,0.004492362982928988,0.004492362982928988
21000079,2010-11-05 22:30:00,,Arbitrage,Spread,112.0,-110.0,true,0.004492362982928988,0.004492362982928988
21000079,2010-11-05 22:30:00,,Arbitrage,Spread,112.0,-110.0,true,0.004492362982928988,0.004492362982928988
21000079,2010-11-05 22:30:00,,Arbitrage,Spread,112.0,-110.0,true,0.004492362982928988,0.004492362982928988
21000084,2010-11-06 20:30:00,,Arbitrage,Spread,104.0,-103.0,true,0.002414759007051126,0.002414759007051126
21000080,2010-11-06 19:00:00,,Arbitrage,Spread,104.0,-102.0,true,0.004853426519122461,0.004853426519122461
21600744,2017-02-02 20:30:00,,Arbitrage,Spread,100.0,775.0,true,0.3857142857142857,0.3857142857142857
21600744,2017-02-02 20:30:00,,Arbitrage,Spread,100.0,775.0,true,0.3857142857142857,0.3857142857142857
21600744,2017-02-02 20:30:00,,Arbitrage,Spread,-110.0,775.0,true,0.36190476190476184,0.36190476190476184
21600744,2017-02-02 20:30:00,,Arbitrage,Spread,-110.0,775.0,true,0.36190476190476184,0.36190476190476184
21600744,2017-02-02 20:30:00,,Arbitrage,Spread,-110.0,775.0,true,0.36190476190476184,0.36190476190476184
21600744,2017-02-02 20:30:00,,Arbitrage,Spread,-110.0,775.0,true,0.36190476190476184,0.36190476190476184
21600744,2017-02-02 20:30:00,,Arbitrage,Spread,775.0,-115.0,true,0.35083056478405306,0.35083056478405306
21600744,2017-02-02 20:30:00,,Arbitrage,Spread,775.0,-105.0,true,0.37351916376306615,0.37351916376306615
21600744,2017-02-02 20:30:00,,Arbitrage,Spread,775.0,-110.0,true,0.36190476190476184,0.36190476190476184
21600744,2017-02-02 20:30:00,,Arbitrage,Spread,775.0,-110.0,true,0.36190476190476184,0.36190476190476184
21600744,2017-02-02 20:30:00,,Arbitrage,Spread,775.0,-110.0,true,0.36190476190476184,0.36190476190476184
21600744,2017-02-02 20:30:00,,Arbitrage,Spread,-115.0,775.0,true,0.35083056478405306,0.35083056478405306
21600744,2017-02-02 20:30:00,,Arbitrage,Spread,-105.0,775.0,true,0.37351916376306615,0.37351916376306615
21600744,2017-02-02 20:30:00,,Arbitrage,Spread,-110.0,775.0,true,0.36190476190476184,0.36190476190476184
21600744,2017-02-02 20:30:00,,Arbitrage,Spread,-110.0,775.0,true,0.36190476190476184,0.36190476190476184
21600744,2017-02-02 20:30:00,,Arbitrage,Spread,-110.0,775.0,true,0.36190476190476184,0.36190476190476184
21000074,2010-11-05 20:00:00,,Arbitrage,Spread,105.0,-103.0,true,0.004805959389643011,0.004805959389643011
20700971,2008-03-14 20:30:00,,Arbitrage,Spread,105.0,-102.0,true,0.007244626901714568,0.007244626901714568
20700973,2008-03-14 20:30:00,,Arbitrage,Spread,105.0,-103.0,true,0.004805959389643011,0.004805959389643011
21201170,2013-04-10 22:00:00,,Arbitrage,Spread,102.0,-101.0,true,0.0024629328604501843,0.0024629328604501843
20700991,2008-03-17 19:00:00,,Arbitrage,Spread,108.0,-103.0,true,0.011841606669192872,0.011841606669192872
20700986,2008-03-16 13:00:00,,Arbitrage,Spread,107.0,-105.0,true,0.0047130906091670255,0.0047130906091670255
20700977,2008-03-15 19:00:00,,Arbitrage,Spread,107.0,-102.0,true,0.011957717510881594,0.011957717510881594
20700914,2008-03-07 19:00:00,,Arbitrage,Spread,113.0,-105.0,true,0.018321309973663102,0.018321309973663102
20700914,2008-03-07 19:00:00,,Arbitrage,Spread,113.0,-110.0,true,0.0067069081153587895,0.0067069081153587895
20700914,2008-03-07 19:00:00,,Arbitrage,Spread,113.0,-110.0,true,0.0067069081153587895,0.0067069081153587895
20700914,2008-03-07 19:00:00,,Arbitrage,Spread,113.0,-110.0,true,0.0067069081153587895,0.0067069081153587895
20700914,2008-03-07 19:00:00,,Arbitrage,Spread,113.0,-110.0,true,0.0067069081153587895,0.0067069081153587895
20700914,2008-03-07 19:00:00,,Arbitrage,Spread,113.0,-110.0,true,0.0067069081153587895,0.0067069081153587895
20700953,2008-03-12 19:00:00,,Arbitrage,Spread,103.0,-102.0,true,0.0024386675120714463,0.0024386675120714463
21600877,2017-02-26 17:00:00,,Arbitrage,Spread,-103.0,105.0,true,0.004805959389643011,0.004805959389643011
21600877,2017-02-26 17:00:00,,Arbitrage,Spread,-103.0,105.0,true,0.004805959389643011,0.004805959389643011
21001196,2011-04-10 18:00:00,,Arbitrage,Spread,113.0,-110.0,true,0.0067069081153587895,0.0067069081153587895
21001196,2011-04-10 18:00:00,,Arbitrage,Spread,113.0,-110.0,true,0.0067069081153587895,0.0067069081153587895
21001196,2011-04-10 18:00:00,,Arbitrage,Spread,113.0,-110.0,true,0.0067069081153587895,0.0067069081153587895
21001196,2011-04-10 18:00:00,,Arbitrage,Spread,113.0,-109.0,true,0.00898533144641378,0.00898533144641378
21001196,2011-04-10 18:00:00,,Arbitrage,Spread,113.0,-110.0,true,0.0067069081153587895,0.0067069081153587895
21001196,2011-04-10 18:00:00,,Arbitrage,Spread,113.0,-110.0,true,0.0067069081153587895,0.0067069081153587895
21600465,2016-12-26 20:00:00,,Arbitrage,Spread,106.0,-105.0,true,0.0023679848448969754,0.0023679848448969754
21600465,2016-12-26 20:00:00,,Arbitrage,Spread,106.0,-105.0,true,0.0023679848448969754,0.0023679848448969754
21600444,2016-12-23 19:30:00,,Arbitrage,Spread,-101.0,105.0,true,0.009707559762164752,0.009707559762164752
20600208,2006-11-28 20:30:00,,Arbitrage,Spread,112.0,-110.0,true,0.004492362982928988,0.004492362982928988
20600208,2006-11-28 20:30:00,,Arbitrage,Spread,112.0,-110.0,true,0.004492362982928988,0.004492362982928988
20600217,2006-11-29 21:00:00,,Arbitrage,Spread,106.0,-105.0,true,0.0023679848448969754,0.0023679848448969754
20600237,2006-12-02 20:00:00,,Arbitrage,Spread,106.0,-105.0,true,0.0023679848448969754,0.0023679848448969754
20600261,2006-12-06 19:00:00,,Arbitrage,Spread,113.0,-110.0,true,0.0067069081153587895,0.0067069081153587895
20600261,2006-12-06 19:00:00,,Arbitrage,Spread,113.0,-110.0,true,0.0067069081153587895,0.0067069081153587895
20600261,2006-12-06 19:00:00,,Arbitrage,Spread,113.0,-110.0,true,0.0067069081153587895,0.0067069081153587895
20600264,2006-12-06 19:30:00,,Arbitrage,Spread,111.0,-110.0,true,0.0022568269013767406,0.0022568269013767406
20600264,2006-12-06 19:30:00,,Arbitrage,Spread,111.0,-110.0,true,0.0022568269013767406,0.0022568269013767406
20600264,2006-12-06 19:30:00,,Arbitrage,Spread,111.0,-110.0,true,0.0022568269013767406,0.0022568269013767406
20600286,2006-12-09 19:00:00,,Arbitrage,Spread,111.0,-110.0,true,0.0022568269013767406,0.0022568269013767406
20600286,2006-12-09 19:00:00,,Arbitrage,Spread,111.0,-110.0,true,0.0022568269013767406,0.0022568269013767406
21501066,2016-03-23 22:30:00,,Arbitrage,Spread,104.0,105.0,true,0.02199904351984694,0.02199904351984694
21501066,2016-03-23 22:30:00,,Arbitrage,Spread,104.0,105.0,true,0.02199904351984694,0.02199904351984694
21501089,2016-03-26 20:30:00,,Arbitrage,Spread,102.0,-101.0,true,0.0024629328604501843,0.0024629328604501843
21001140,2011-04-03 18:00:00,,Arbitrage,Spread,106.0,-105.0,true,0.0023679848448969754,0.0023679848448969754
21001141,2011-04-03 18:00:00,,Arbitrage,Spread,106.0,-102.0,true,0.009612611746611543,0.009612611746611543
21001144,2011-04-03 18:00:00,,Arbitrage,Spread,105.0,-103.0,true,0.004805959389643011,0.004805959389643011
21001162,2011-04-06 19:00:00,,Arbitrage,Spread,105.0,-104.0,true,0.002391200382592107,0.002391200382592107
21600502,2016-12-31 17:00:00,,Arbitrage,Spread,-102.0,105.0,true,0.007244626901714568,0.007244626901714568
21001102,2011-03-29 19:00:00,,Arbitrage,Spread,103.0,-102.0,true,0.0024386675120714463,0.0024386675120714463
21600501,2016-12-30 22:30:00,,Arbitrage,Spread,110.0,-105.0,true,0.011614401858304313,0.011614401858304313
21600501,2016-12-30 22:30:00,,Arbitrage,Spread,-105.0,110.0,true,0.011614401858304313,0.011614401858304313
21001109,2011-03-30 19:00:00,,Arbitrage,Spread,104.0,-102.0,true,0.004853426519122461,0.004853426519122461
21501007,2016-03-16 19:30:00,,Arbitrage,Spread,-104.0,105.0,true,0.002391200382592107,0.002391200382592107
21501045,2016-03-21 19:00:00,,Arbitrage,Spread,105.0,-104.0,true,0.002391200382592107,0.002391200382592107
21001077,2011-03-25 22:00:00,,Arbitrage,Spread,110.0,-105.0,true,0.011614401858304313,0.011614401858304313
21001077,2011-03-25 22:00:00,,Arbitrage,Spread,110.0,-109.0,true,0.0022784233310549906,0.0022784233310549906
21600587,2017-01-12 20:00:00,,Arbitrage,Spread,-100.0,111.0,true,0.026066350710900466,0.026066350710900466
21600587,2017-01-12 20:00:00,,Arbitrage,Spread,111.0,-110.0,true,0.0022568269013767406,0.0022568269013767406
21600587,2017-01-12 20:00:00,,Arbitrage,Spread,111.0,-105.0,true,0.013871228759680942,0.013871228759680942
21600587,2017-01-12 20:00:00,,Arbitrage,Spread,111.0,-110.0,true,0.0022568269013767406,0.0022568269013767406
21600587,2017-01-12 20:00:00,,Arbitrage,Spread,111.0,-110.0,true,0.0022568269013767406,0.0022568269013767406
21600587,2017-01-12 20:00:00,,Arbitrage,Spread,111.0,-110.0,true,0.0022568269013767406,0.0022568269013767406
40900301,2010-05-16 15:30:00,,Arbitrage,Spread,108.0,-105.0,true,0.0070356472795497504,0.0070356472795497504
40900306,2010-05-28 20:30:00,,Arbitrage,Spread,105.0,-103.0,true,0.004805959389643011,0.004805959389643011
21001091,2011-03-27 19:00:00,,Arbitrage,Spread,103.0,-102.0,true,0.0024386675120714463,0.0024386675120714463
21001085,2011-03-26 21:00:00,,Arbitrage,Spread,110.0,-105.0,true,0.011614401858304313,0.011614401858304313
21001085,2011-03-26 21:00:00,,Arbitrage,Spread,110.0,-105.0,true,0.011614401858304313,0.011614401858304313
21001085,2011-03-26 21:00:00,,Arbitrage,Spread,110.0,-109.0,true,0.0022784233310549906,0.0022784233310549906
21001079,2011-03-25 22:30:00,,Arbitrage,Spread,110.0,-106.0,true,0.009246417013407338,0.009246417013407338
21001079,2011-03-25 22:30:00,,Arbitrage,Spread,110.0,-109.0,true,0.0022784233310549906,0.0022784233310549906
20600122,2006-11-17 19:30:00,,Arbitrage,Spread,107.0,-105.0,true,0.0047130906091670255,0.0047130906091670255
20600142,2006-11-19 20:00:00,,Arbitrage,Spread,104.0,107.0,true,0.026712134129013965,0.026712134129013965
20600147,2006-11-20 21:00:00,,Arbitrage,Spread,111.0,-110.0,true,0.0022568269013767406,0.0022568269013767406
20600147,2006-11-20 21:00:00,,Arbitrage,Spread,111.0,-110.0,true,0.0022568269013767406,0.0022568269013767406
20600147,2006-11-20 21:00:00,,Arbitrage,Spread,111.0,-110.0,true,0.0022568269013767406,0.0022568269013767406
20901098,2010-03-29 19:30:00,,Arbitrage,Spread,110.0,-109.0,true,0.0022784233310549906,0.0022784233310549906
20600189,2006-11-25 20:00:00,,Arbitrage,Spread,108.0,-105.0,true,0.0070356472795497504,0.0070356472795497504
20600195,2006-11-26 13:00:00,,Arbitrage,Spread,108.0,-107.0,true,0.002322556670382836,0.002322556670382836
21600656,2017-01-21 20:00:00,,Arbitrage,Spread,102.0,102.0,true,0.00990099009900991,0.00990099009900991
21001010,2011-03-16 21:00:00,,Arbitrage,Spread,111.0,-103.0,true,0.018677188149324175,0.018677188149324175
21001010,2011-03-16 21:00:00,,Arbitrage,Spread,111.0,-110.0,true,0.0022568269013767406,0.0022568269013767406
21001010,2011-03-16 21:00:00,,Arbitrage,Spread,111.0,-110.0,true,0.0022568269013767406,0.0022568269013767406
21001010,2011-03-16 21:00:00,,Arbitrage,Spread,111.0,-110.0,true,0.0022568269013767406,0.0022568269013767406
21001010,2011-03-16 21:00:00,,Arbitrage,Spread,111.0,-109.0,true,0.00453525023243162,0.00453525023243162
21001010,2011-03-16 21:00:00,,Arbitrage,Spread,111.0,-110.0,true,0.0022568269013767406,0.0022568269013767406
21001010,2011-03-16 21:00:00,,Arbitrage,Spread,111.0,-110.0,true,0.0022568269013767406,0.0022568269013767406
21001010,2011-03-16 21:00:00,,Arbitrage,Spread,111.0,-110.0,true,0.0022568269013767406,0.0022568269013767406
21001007,2011-03-16 20:00:00,,Arbitrage,Spread,108.0,-105.0,true,0.0070356472795497504,0.0070356472795497504
20800061,2008-11-05 22:00:00,,Arbitrage,Spread,105.0,-103.0,true,0.004805959389643011,0.004805959389643011
20800040,2008-11-02 18:00:00,,Arbitrage,Spread,105.0,100.0,true,0.012195121951219523,0.012195121951219523
20800042,2008-11-03 19:00:00,,Arbitrage,Spread,105.0,-103.0,true,0.004805959389643011,0.004805959389643011
20800094,2008-11-10 19:00:00,,Arbitrage,Spread,105.0,-101.0,true,0.009707559762164752,0.009707559762164752
20800098,2008-11-11 19:00:00,,Arbitrage,Spread,107.0,-103.0,true,0.009519049998810147,0.009519049998810147
20800091,2008-11-09 21:00:00,,Arbitrage,Spread,107.0,-104.0,true,0.007104290991759132,0.007104290991759132
20800029,2008-11-01 19:00:00,,Arbitrage,Spread,111.0,-105.0,true,0.013871228759680942,0.013871228759680942
20800029,2008-11-01 19:00:00,,Arbitrage,Spread,111.0,-110.0,true,0.0022568269013767406,0.0022568269013767406
20800029,2008-11-01 19:00:00,,Arbitrage,Spread,111.0,-110.0,true,0.0022568269013767406,0.0022568269013767406
20800029,2008-11-01 19:00:00,,Arbitrage,Spread,111.0,-110.0,true,0.0022568269013767406,0.0022568269013767406
20800029,2008-11-01 19:00:00,,Arbitrage,Spread,111.0,-109.0,true,0.00453525023243162,0.00453525023243162
20800029,2008-11-01 19:00:00,,Arbitrage,Spread,111.0,-110.0,true,0.0022568269013767406,0.0022568269013767406
20800029,2008-11-01 19:00:00,,Arbitrage,Spread,111.0,-110.0,true,0.0022568269013767406,0.0022568269013767406
20801230,2009-04-15 22:30:00,,Arbitrage,Spread,115.0,-108.0,true,0.015652951699463458,0.015652951699463458
20801230,2009-04-15 22:30:00,,Arbitrage,Spread,115.0,-110.0,true,0.011074197120708673,0.011074197120708673
20801230,2009-04-15 22:30:00,,Arbitrage,Spread,115.0,-110.0,true,0.011074197120708673,0.011074197120708673
20801230,2009-04-15 22:30:00,,Arbitrage,Spread,115.0,-110.0,true,0.011074197120708673,0.011074197120708673
20801230,2009-04-15 22:30:00,,Arbitrage,Spread,115.0,-109.0,true,0.013352620451763775,0.013352620451763775
20801230,2009-04-15 22:30:00,,Arbitrage,Spread,115.0,-110.0,true,0.011074197120708673,0.011074197120708673
20801230,2009-04-15 22:30:00,,Arbitrage,Spread,115.0,-110.0,true,0.011074197120708673,0.011074197120708673
20801221,2009-04-15 20:00:00,,Arbitrage,Spread,104.0,-103.0,true,0.002414759007051126,0.002414759007051126
20801225,2009-04-15 20:00:00,,Arbitrage,Spread,107.0,-102.0,true,0.011957717510881594,0.011957717510881594
20801226,2009-04-15 20:00:00,,Arbitrage,Spread,103.0,-101.0,true,0.004901600372521631,0.004901600372521631
20801227,2009-04-15 20:00:00,,Arbitrage,Spread,107.0,-103.0,true,0.009519049998810147,0.009519049998810147
20801227,2009-04-15 20:00:00,,Arbitrage,Spread,107.0,-105.0,true,0.0047130906091670255,0.0047130906091670255
20801229,2009-04-15 22:30:00,,Arbitrage,Spread,107.0,-102.0,true,0.011957717510881594,0.011957717510881594
20801211,2009-04-13 22:00:00,,Arbitrage,Spread,105.0,-104.0,true,0.002391200382592107,0.002391200382592107
20801214,2009-04-14 19:00:00,,Arbitrage,Spread,105.0,-102.0,true,0.007244626901714568,0.007244626901714568
20801216,2009-04-14 22:30:00,,Arbitrage,Spread,104.0,-102.0,true,0.004853426519122461,0.004853426519122461
20900912,2010-03-04 20:00:00,,Arbitrage,Spread,106.0,-105.0,true,0.0023679848448969754,0.0023679848448969754
20800291,2008-12-06 20:00:00,,Arbitrage,Spread,112.0,-105.0,true,0.016106764841233412,0.016106764841233412
20800291,2008-12-06 20:00:00,,Arbitrage,Spread,112.0,-110.0,true,0.004492362982928988,0.004492362982928988
20800291,2008-12-06 20:00:00,,Arbitrage,Spread,112.0,-110.0,true,0.004492362982928988,0.004492362982928988
20800291,2008-12-06 20:00:00,,Arbitrage,Spread,112.0,-110.0,true,0.004492362982928988,0.004492362982928988
20800291,2008-12-06 20:00:00,,Arbitrage,Spread,112.0,-109.0,true,0.00677078631398409,0.00677078631398409
20800291,2008-12-06 20:00:00,,Arbitrage,Spread,112.0,-110.0,true,0.004492362982928988,0.004492362982928988
20800291,2008-12-06 20:00:00,,Arbitrage,Spread,112.0,-110.0,true,0.004492362982928988,0.004492362982928988
20800273,2008-12-03 21:00:00,,Arbitrage,Spread,107.0,-105.0,true,0.0047130906091670255,0.0047130906091670255
20800279,2008-12-05 19:30:00,,Arbitrage,Spread,107.0,-105.0,true,0.0047130906091670255,0.0047130906091670255
21200398,2012-12-22 22:30:00,,Arbitrage,Spread,104.0,-101.0,true,0.007316359379572646,0.007316359379572646
21500230,2015-11-27 19:30:00,,Arbitrage,Spread,-101.0,105.0,true,0.009707559762164752,0.009707559762164752
20800228,2008-11-28 20:00:00,,Arbitrage,Spread,105.0,-103.0,true,0.004805959389643011,0.004805959389643011
20800212,2008-11-26 19:00:00,,Arbitrage,Spread,103.0,-102.0,true,0.0024386675120714463,0.0024386675120714463
20800200,2008-11-24 19:30:00,,Arbitrage,Spread,105.0,-101.0,true,0.009707559762164752,0.009707559762164752
20800203,2008-11-24 22:00:00,,Arbitrage,Spread,106.0,-105.0,true,0.0023679848448969754,0.0023679848448969754
20800250,2008-11-30 20:00:00,,Arbitrage,Spread,107.0,-105.0,true,0.0047130906091670255,0.0047130906091670255
20800253,2008-12-01 19:30:00,,Arbitrage,Spread,103.0,-102.0,true,0.0024386675120714463,0.0024386675120714463
20800241,2008-11-29 20:00:00,,Arbitrage,Spread,103.0,-102.0,true,0.0024386675120714463,0.0024386675120714463
21500129,2015-11-13 19:30:00,,Arbitrage,Spread,100.0,110.0,true,0.023809523809523836,0.023809523809523836
21500129,2015-11-13 19:30:00,,Arbitrage,Spread,-108.0,110.0,true,0.0045787545787546735,0.0045787545787546735
21500129,2015-11-13 19:30:00,,Arbitrage,Spread,110.0,-108.0,true,0.0045787545787546735,0.0045787545787546735
21500195,2015-11-21 20:30:00,,Arbitrage,Spread,102.0,-101.0,true,0.0024629328604501843,0.0024629328604501843
21600949,2017-03-08 19:00:00,,Arbitrage,Spread,-101.0,102.0,true,0.0024629328604501843,0.0024629328604501843
21600945,2017-03-06 22:30:00,,Arbitrage,Spread,109.0,-105.0,true,0.009335978527249322,0.009335978527249322
21600945,2017-03-06 22:30:00,,Arbitrage,Spread,109.0,-105.0,true,0.009335978527249322,0.009335978527249322
20800180,2008-11-21 21:30:00,,Arbitrage,Spread,106.0,-105.0,true,0.0023679848448969754,0.0023679848448969754
20800164,2008-11-19 20:00:00,,Arbitrage,Spread,103.0,-101.0,true,0.004901600372521631,0.004901600372521631
20800169,2008-11-20 20:00:00,,Arbitrage,Spread,102.0,-101.0,true,0.0024629328604501843,0.0024629328604501843
20800106,2008-11-12 19:00:00,,Arbitrage,Spread,112.0,-101.0,true,0.025814324603398164,0.025814324603398164
20800106,2008-11-12 19:00:00,,Arbitrage,Spread,112.0,-110.0,true,0.004492362982928988,0.004492362982928988
20800106,2008-11-12 19:00:00,,Arbitrage,Spread,112.0,-110.0,true,0.004492362982928988,0.004492362982928988
20800106,2008-11-12 19:00:00,,Arbitrage,Spread,112.0,-110.0,true,0.004492362982928988,0.004492362982928988
20800106,2008-11-12 19:00:00,,Arbitrage,Spread,112.0,-109.0,true,0.00677078631398409,0.00677078631398409
20800106,2008-11-12 19:00:00,,Arbitrage,Spread,112.0,-110.0,true,0.004492362982928988,0.004492362982928988
20800106,2008-11-12 19:00:00,,Arbitrage,Spread,112.0,-110.0,true,0.004492362982928988,0.004492362982928988
20600906,2007-03-06 22:00:00,,Arbitrage,Spread,-108.0,115.0,true,0.015652951699463458,0.015652951699463458
20600906,2007-03-06 22:00:00,,Arbitrage,Spread,-110.0,115.0,true,0.011074197120708673,0.011074197120708673
20600906,2007-03-06 22:00:00,,Arbitrage,Spread,-110.0,115.0,true,0.011074197120708673,0.011074197120708673
20600914,2007-03-07 21:00:00,,Arbitrage,Spread,102.0,100.0,true,0.004950495049504955,0.004950495049504955
21200563,2013-01-14 22:00:00,,Arbitrage,Spread,103.0,-102.0,true,0.0024386675120714463,0.0024386675120714463
21200578,2013-01-16 22:00:00,,Arbitrage,Spread,104.0,-103.0,true,0.002414759007051126,0.002414759007051126
21200577,2013-01-16 22:00:00,,Arbitrage,Spread,102.0,-101.0,true,0.0024629328604501843,0.0024629328604501843
20600734,2007-02-07 21:00:00,,Arbitrage,Spread,112.0,-110.0,true,0.004492362982928988,0.004492362982928988
20600734,2007-02-07 21:00:00,,Arbitrage,Spread,112.0,-110.0,true,0.004492362982928988,0.004492362982928988
20600734,2007-02-07 21:00:00,,Arbitrage,Spread,112.0,-110.0,true,0.004492362982928988,0.004492362982928988
21200602,2013-01-20 18:00:00,,Arbitrage,Spread,102.0,-101.0,true,0.0024629328604501843,0.0024629328604501843
21500260,2015-11-30 22:00:00,,Arbitrage,Spread,-102.0,115.0,true,0.029933225880727665,0.029933225880727665
21500260,2015-11-30 22:00:00,,Arbitrage,Spread,-110.0,115.0,true,0.011074197120708673,0.011074197120708673
21500260,2015-11-30 22:00:00,,Arbitrage,Spread,-105.0,115.0,true,0.022688598979013097,0.022688598979013097
21500260,2015-11-30 22:00:00,,Arbitrage,Spread,-110.0,115.0,true,0.011074197120708673,0.011074197120708673
21500260,2015-11-30 22:00:00,,Arbitrage,Spread,115.0,-110.0,true,0.011074197120708673,0.011074197120708673
21500260,2015-11-30 22:00:00,,Arbitrage,Spread,115.0,-110.0,true,0.011074197120708673,0.011074197120708673
21500260,2015-11-30 22:00:00,,Arbitrage,Spread,115.0,-105.0,true,0.022688598979013097,0.022688598979013097
20600815,2007-02-23 19:00:00,,Arbitrage,Spread,112.0,-110.0,true,0.004492362982928988,0.004492362982928988
20600815,2007-02-23 19:00:00,,Arbitrage,Spread,112.0,-110.0,true,0.004492362982928988,0.004492362982928988
20600815,2007-02-23 19:00:00,,Arbitrage,Spread,112.0,-110.0,true,0.004492362982928988,0.004492362982928988
20801153,2009-04-07 19:00:00,,Arbitrage,Spread,104.0,-103.0,true,0.002414759007051126,0.002414759007051126
20801143,2009-04-05 15:30:00,,Arbitrage,Spread,110.0,-103.0,true,0.016420361247947435,0.016420361247947435
20801196,2009-04-12 13:00:00,,Arbitrage,Spread,103.0,-101.0,true,0.004901600372521631,0.004901600372521631
20801199,2009-04-12 18:00:00,,Arbitrage,Spread,105.0,-102.0,true,0.007244626901714568,0.007244626901714568
20801185,2009-04-10 20:30:00,,Arbitrage,Spread,103.0,-102.0,true,0.0024386675120714463,0.0024386675120714463
21500687,2016-01-27 20:00:00,,Arbitrage,Spread,106.0,-105.0,true,0.0023679848448969754,0.0023679848448969754
20801178,2009-04-10 19:30:00,,Arbitrage,Spread,105.0,-102.0,true,0.007244626901714568,0.007244626901714568
20801166,2009-04-08 19:30:00,,Arbitrage,Spread,106.0,-105.0,true,0.0023679848448969754,0.0023679848448969754
20801103,2009-03-30 22:30:00,,Arbitrage,Spread,105.0,100.0,true,0.012195121951219523,0.012195121951219523
20801098,2009-03-29 20:00:00,,Arbitrage,Spread,108.0,-103.0,true,0.011841606669192872,0.011841606669192872
20900528,2010-01-08 22:30:00,,Arbitrage,Spread,111.0,-110.0,true,0.0022568269013767406,0.0022568269013767406
20900528,2010-01-08 22:30:00,,Arbitrage,Spread,111.0,-110.0,true,0.0022568269013767406,0.0022568269013767406
20900528,2010-01-08 22:30:00,,Arbitrage,Spread,111.0,-110.0,true,0.0022568269013767406,0.0022568269013767406
20900528,2010-01-08 22:30:00,,Arbitrage,Spread,111.0,-105.0,true,0.013871228759680942,0.013871228759680942
20900528,2010-01-08 22:30:00,,Arbitrage,Spread,111.0,-109.0,true,0.00453525023243162,0.00453525023243162
20900528,2010-01-08 22:30:00,,Arbitrage,Spread,111.0,-110.0,true,0.0022568269013767406,0.0022568269013767406
20900528,2010-01-08 22:30:00,,Arbitrage,Spread,111.0,-110.0,true,0.0022568269013767406,0.0022568269013767406
21200765,2013-02-11 19:30:00,,Arbitrage,Spread,102.0,-101.0,true,0.0024629328604501843,0.0024629328604501843
20801087,2009-03-28 20:30:00,,Arbitrage,Spread,105.0,-102.0,true,0.007244626901714568,0.007244626901714568
20801034,2009-03-21 13:00:00,,Arbitrage,Spread,104.0,-102.0,true,0.004853426519122461,0.004853426519122461
20801036,2009-03-21 19:00:00,,Arbitrage,Spread,103.0,-102.0,true,0.0024386675120714463,0.0024386675120714463
20600979,2007-03-17 19:00:00,,Arbitrage,Spread,-101.0,102.0,true,0.0024629328604501843,0.0024629328604501843
20600996,2007-03-19 20:00:00,,Arbitrage,Spread,-104.0,105.0,true,0.002391200382592107,0.002391200382592107
20600997,2007-03-20 19:00:00,,Arbitrage,Spread,106.0,103.0,true,0.0219522693576929,0.0219522693576929
20801009,2009-03-18 19:00:00,,Arbitrage,Spread,107.0,-102.0,true,0.011957717510881594,0.011957717510881594
20801073,2009-03-27 19:00:00,,Arbitrage,Spread,106.0,100.0,true,0.014563106796116498,0.014563106796116498
21200841,2013-02-25 21:00:00,,Arbitrage,Spread,-103.0,105.0,true,0.004805959389643011,0.004805959389643011
21401079,2015-03-27 19:30:00,,Arbitrage,Spread,104.0,-101.0,true,0.007316359379572646,0.007316359379572646
20800864,2009-02-27 19:00:00,,Arbitrage,Spread,104.0,100.0,true,0.009803921568627416,0.009803921568627416
20800855,2009-02-25 20:00:00,,Arbitrage,Spread,103.0,-101.0,true,0.004901600372521631,0.004901600372521631
20800848,2009-02-24 20:30:00,,Arbitrage,Spread,103.0,-101.0,true,0.004901600372521631,0.004901600372521631
20800849,2009-02-24 21:00:00,,Arbitrage,Spread,106.0,100.0,true,0.014563106796116498,0.014563106796116498
21200926,2013-03-08 22:30:00,,Arbitrage,Spread,102.0,-101.0,true,0.0024629328604501843,0.0024629328604501843
20701189,2008-04-12 19:00:00,,Arbitrage,Spread,113.0,-105.0,true,0.018321309973663102,0.018321309973663102
20701189,2008-04-12 19:00:00,,Arbitrage,Spread,113.0,-110.0,true,0.0067069081153587895,0.0067069081153587895
20701189,2008-04-12 19:00:00,,Arbitrage,Spread,113.0,-110.0,true,0.0067069081153587895,0.0067069081153587895
20701189,2008-04-12 19:00:00,,Arbitrage,Spread,113.0,-110.0,true,0.0067069081153587895,0.0067069081153587895
20701189,2008-04-12 19:00:00,,Arbitrage,Spread,113.0,-110.0,true,0.0067069081153587895,0.0067069081153587895
20701189,2008-04-12 19:00:00,,Arbitrage,Spread,113.0,-110.0,true,0.0067069081153587895,0.0067069081153587895
20701188,2008-04-12 19:00:00,,Arbitrage,Spread,106.0,-105.0,true,0.0023679848448969754,0.0023679848448969754
20701173,2008-04-10 20:00:00,,Arbitrage,Spread,105.0,100.0,true,0.012195121951219523,0.012195121951219523
20701175,2008-04-10 22:30:00,,Arbitrage,Spread,108.0,-102.0,true,0.014280274181264319,0.014280274181264319
20800875,2009-02-27 22:30:00,,Arbitrage,Spread,103.0,-102.0,true,0.0024386675120714463,0.0024386675120714463
20701196,2008-04-12 22:30:00,,Arbitrage,Spread,114.0,-103.0,true,0.025321117812255323,0.025321117812255323
20701196,2008-04-12 22:30:00,,Arbitrage,Spread,114.0,-110.0,true,0.008900756564307888,0.008900756564307888
20701196,2008-04-12 22:30:00,,Arbitrage,Spread,114.0,-110.0,true,0.008900756564307888,0.008900756564307888
20701196,2008-04-12 22:30:00,,Arbitrage,Spread,114.0,-110.0,true,0.008900756564307888,0.008900756564307888
20701196,2008-04-12 22:30:00,,Arbitrage,Spread,114.0,-110.0,true,0.008900756564307888,0.008900756564307888
20701196,2008-04-12 22:30:00,,Arbitrage,Spread,114.0,-110.0,true,0.008900756564307888,0.008900756564307888
20701190,2008-04-12 19:00:00,,Arbitrage,Spread,106.0,-105.0,true,0.0023679848448969754,0.0023679848448969754
20701142,2008-04-05 21:00:00,,Arbitrage,Spread,110.0,100.0,true,0.023809523809523836,0.023809523809523836
20701139,2008-04-05 19:00:00,,Arbitrage,Spread,-106.0,115.0,true,0.02032061413411612,0.02032061413411612
20701139,2008-04-05 19:00:00,,Arbitrage,Spread,100.0,115.0,true,0.03488372093023262,0.03488372093023262
20701139,2008-04-05 19:00:00,,Arbitrage,Spread,-110.0,115.0,true,0.011074197120708673,0.011074197120708673
20701139,2008-04-05 19:00:00,,Arbitrage,Spread,-110.0,115.0,true,0.011074197120708673,0.011074197120708673
20701139,2008-04-05 19:00:00,,Arbitrage,Spread,115.0,-110.0,true,0.011074197120708673,0.011074197120708673
20701139,2008-04-05 19:00:00,,Arbitrage,Spread,115.0,-110.0,true,0.011074197120708673,0.011074197120708673
20701162,2008-04-08 22:30:00,,Arbitrage,Spread,109.0,100.0,true,0.021531100478468845,0.021531100478468845
20701159,2008-04-08 20:00:00,,Arbitrage,Spread,111.0,-110.0,true,0.0022568269013767406,0.0022568269013767406
20701159,2008-04-08 20:00:00,,Arbitrage,Spread,111.0,-110.0,true,0.0022568269013767406,0.0022568269013767406
20701159,2008-04-08 20:00:00,,Arbitrage,Spread,111.0,-110.0,true,0.0022568269013767406,0.0022568269013767406
20701159,2008-04-08 20:00:00,,Arbitrage,Spread,111.0,-110.0,true,0.0022568269013767406,0.0022568269013767406
20701159,2008-04-08 20:00:00,,Arbitrage,Spread,111.0,-110.0,true,0.0022568269013767406,0.0022568269013767406
20701159,2008-04-08 20:00:00,,Arbitrage,Spread,111.0,-110.0,true,0.0022568269013767406,0.0022568269013767406
20701108,2008-04-01 20:00:00,,Arbitrage,Spread,103.0,100.0,true,0.007389162561576401,0.007389162561576401
20800823,2009-02-21 20:00:00,,Arbitrage,Spread,108.0,-103.0,true,0.011841606669192872,0.011841606669192872
20701126,2008-04-04 19:00:00,,Arbitrage,Spread,103.0,100.0,true,0.007389162561576401,0.007389162561576401
20701118,2008-04-02 20:00:00,,Arbitrage,Spread,103.0,100.0,true,0.007389162561576401,0.007389162561576401
21701081,2018-03-23 19:30:00,,Arbitrage,Spread,105.0,-102.0,true,0.007244626901714568,0.007244626901714568
20800799,2009-02-18 19:00:00,,Arbitrage,Spread,105.0,-103.0,true,0.004805959389643011,0.004805959389643011
20800799,2009-02-18 19:00:00,,Arbitrage,Spread,105.0,-104.0,true,0.002391200382592107,0.002391200382592107
21100023,2011-12-28 18:00:00,,Arbitrage,Spread,111.0,-105.0,true,0.013871228759680942,0.013871228759680942
21100023,2011-12-28 18:00:00,,Arbitrage,Spread,111.0,-110.0,true,0.0022568269013767406,0.0022568269013767406
21100023,2011-12-28 18:00:00,,Arbitrage,Spread,111.0,-110.0,true,0.0022568269013767406,0.0022568269013767406
21100023,2011-12-28 18:00:00,,Arbitrage,Spread,111.0,-105.0,true,0.013871228759680942,0.013871228759680942
21100023,2011-12-28 18:00:00,,Arbitrage,Spread,111.0,-110.0,true,0.0022568269013767406,0.0022568269013767406
21100023,2011-12-28 18:00:00,,Arbitrage,Spread,111.0,-110.0,true,0.0022568269013767406,0.0022568269013767406
21100023,2011-12-28 18:00:00,,Arbitrage,Spread,111.0,-110.0,true,0.0022568269013767406,0.0022568269013767406
21100023,2011-12-28 18:00:00,,Arbitrage,Spread,111.0,-110.0,true,0.0022568269013767406,0.0022568269013767406
21100023,2011-12-28 18:00:00,,Arbitrage,Spread,111.0,-110.0,true,0.0022568269013767406,0.0022568269013767406
20800743,2009-02-07 19:00:00,,Arbitrage,Spread,107.0,-105.0,true,0.0047130906091670255,0.0047130906091670255
20800738,2009-02-06 20:00:00,,Arbitrage,Spread,103.0,-102.0,true,0.0024386675120714463,0.0024386675120714463
20800739,2009-02-06 20:00:00,,Arbitrage,Spread,103.0,-102.0,true,0.0024386675120714463,0.0024386675120714463
20701096,2008-03-30 21:00:00,,Arbitrage,Spread,111.0,-108.0,true,0.006835581480131303,0.006835581480131303
20701096,2008-03-30 21:00:00,,Arbitrage,Spread,111.0,-110.0,true,0.0022568269013767406,0.0022568269013767406
20701096,2008-03-30 21:00:00,,Arbitrage,Spread,111.0,-110.0,true,0.0022568269013767406,0.0022568269013767406
20701096,2008-03-30 21:00:00,,Arbitrage,Spread,111.0,-110.0,true,0.0022568269013767406,0.0022568269013767406
20800730,2009-02-04 22:30:00,,Arbitrage,Spread,105.0,-102.0,true,0.007244626901714568,0.007244626901714568
20800735,2009-02-06 19:00:00,,Arbitrage,Spread,105.0,-103.0,true,0.004805959389643011,0.004805959389643011
20800728,2009-02-04 20:00:00,,Arbitrage,Spread,106.0,-105.0,true,0.0023679848448969754,0.0023679848448969754
21401006,2015-03-18 19:00:00,,Arbitrage,Spread,106.0,-105.0,true,0.0023679848448969754,0.0023679848448969754
20800705,2009-02-01 15:00:00,,Arbitrage,Spread,107.0,-101.0,true,0.014420650371331778,0.014420650371331778
20800784,2009-02-11 22:30:00,,Arbitrage,Spread,108.0,-103.0,true,0.011841606669192872,0.011841606669192872
21100094,2012-01-05 20:00:00,,Arbitrage,Spread,112.0,-110.0,true,0.004492362982928988,0.004492362982928988
21100094,2012-01-05 20:00:00,,Arbitrage,Spread,112.0,-110.0,true,0.004492362982928988,0.004492362982928988
21100094,2012-01-05 20:00:00,,Arbitrage,Spread,112.0,-110.0,true,0.004492362982928988,0.004492362982928988
21100094,2012-01-05 20:00:00,,Arbitrage,Spread,112.0,-110.0,true,0.004492362982928988,0.004492362982928988
21100094,2012-01-05 20:00:00,,Arbitrage,Spread,112.0,-110.0,true,0.004492362982928988,0.004492362982928988
21100094,2012-01-05 20:00:00,,Arbitrage,Spread,112.0,-110.0,true,0.004492362982928988,0.004492362982928988
21100094,2012-01-05 20:00:00,,Arbitrage,Spread,112.0,-110.0,true,0.004492362982928988,0.004492362982928988
21100094,2012-01-05 20:00:00,,Arbitrage,Spread,112.0,-110.0,true,0.004492362982928988,0.004492362982928988
21100094,2012-01-05 20:00:00,,Arbitrage,Spread,112.0,-110.0,true,0.004492362982928988,0.004492362982928988
20800751,2009-02-08 15:30:00,,Arbitrage,Spread,101.0,100.0,true,0.0024875621890546595,0.0024875621890546595
20701024,2008-03-21 19:30:00,,Arbitrage,Spread,103.0,-102.0,true,0.0024386675120714463,0.0024386675120714463
21701000,2018-03-11 21:00:00,,Arbitrage,Spread,108.0,-105.0,true,0.0070356472795497504,0.0070356472795497504
21701000,2018-03-11 21:00:00,,Arbitrage,Spread,-105.0,108.0,true,0.0070356472795497504,0.0070356472795497504
20800702,2009-02-01 12:00:00,,Arbitrage,Spread,108.0,-101.0,true,0.016743207041714503,0.016743207041714503
20701005,2008-03-18 22:30:00,,Arbitrage,Spread,105.0,-104.0,true,0.002391200382592107,0.002391200382592107
21100107,2012-01-06 21:00:00,,Arbitrage,Spread,106.0,-105.0,true,0.0023679848448969754,0.0023679848448969754
21100172,2012-01-14 19:00:00,,Arbitrage,Spread,106.0,-105.0,true,0.0023679848448969754,0.0023679848448969754
21100172,2012-01-14 19:00:00,,Arbitrage,Spread,106.0,-105.0,true,0.0023679848448969754,0.0023679848448969754
21100172,2012-01-14 19:00:00,,Arbitrage,Spread,106.0,-105.0,true,0.0023679848448969754,0.0023679848448969754
21500911,2016-03-03 22:30:00,,Arbitrage,Spread,107.0,-105.0,true,0.0047130906091670255,0.0047130906091670255
21100266,2012-01-25 21:00:00,,Arbitrage,Spread,105.0,-102.0,true,0.007244626901714568,0.007244626901714568
21100269,2012-01-25 22:30:00,,Arbitrage,Spread,106.0,-105.0,true,0.0023679848448969754,0.0023679848448969754
21100269,2012-01-25 22:30:00,,Arbitrage,Spread,106.0,-105.0,true,0.0023679848448969754,0.0023679848448969754
21100239,2012-01-22 18:00:00,,Arbitrage,Spread,106.0,-105.0,true,0.0023679848448969754,0.0023679848448969754
21401173,2015-04-09 20:00:00,,Arbitrage,Spread,-102.0,105.0,true,0.007244626901714568,0.007244626901714568
20800982,2009-03-14 20:30:00,,Arbitrage,Spread,103.0,-102.0,true,0.0024386675120714463,0.0024386675120714463
21401227,2015-04-15 20:00:00,,Arbitrage,Spread,106.0,-105.0,true,0.0023679848448969754,0.0023679848448969754
21401227,2015-04-15 20:00:00,,Arbitrage,Spread,106.0,-105.0,true,0.0023679848448969754,0.0023679848448969754
20800970,2009-03-13 19:00:00,,Arbitrage,Spread,113.0,-102.0,true,0.02556593687537767,0.02556593687537767
20800970,2009-03-13 19:00:00,,Arbitrage,Spread,113.0,-110.0,true,0.0067069081153587895,0.0067069081153587895
20800970,2009-03-13 19:00:00,,Arbitrage,Spread,113.0,-110.0,true,0.0067069081153587895,0.0067069081153587895
20800970,2009-03-13 19:00:00,,Arbitrage,Spread,113.0,-109.0,true,0.00898533144641378,0.00898533144641378
20800970,2009-03-13 19:00:00,,Arbitrage,Spread,113.0,-110.0,true,0.0067069081153587895,0.0067069081153587895
20800970,2009-03-13 19:00:00,,Arbitrage,Spread,113.0,-110.0,true,0.0067069081153587895,0.0067069081153587895
20800969,2009-03-13 19:00:00,,Arbitrage,Spread,105.0,-103.0,true,0.004805959389643011,0.004805959389643011
20800969,2009-03-13 19:00:00,,Arbitrage,Spread,105.0,-104.0,true,0.002391200382592107,0.002391200382592107
20800964,2009-03-11 22:00:00,,Arbitrage,Spread,105.0,-101.0,true,0.009707559762164752,0.009707559762164752
20800955,2009-03-11 19:00:00,,Arbitrage,Spread,103.0,-101.0,true,0.004901600372521631,0.004901600372521631
21100283,2012-01-27 22:00:00,,Arbitrage,Spread,104.0,-102.0,true,0.004853426519122461,0.004853426519122461
21401204,2015-04-13 19:00:00,,Arbitrage,Spread,106.0,-105.0,true,0.0023679848448969754,0.0023679848448969754
20800936,2009-03-08 13:00:00,,Arbitrage,Spread,111.0,-102.0,true,0.02111585566139551,0.02111585566139551
20800936,2009-03-08 13:00:00,,Arbitrage,Spread,111.0,-110.0,true,0.0022568269013767406,0.0022568269013767406
20800936,2009-03-08 13:00:00,,Arbitrage,Spread,111.0,-110.0,true,0.0022568269013767406,0.0022568269013767406
20800936,2009-03-08 13:00:00,,Arbitrage,Spread,111.0,-109.0,true,0.00453525023243162,0.00453525023243162
20800936,2009-03-08 13:00:00,,Arbitrage,Spread,111.0,-110.0,true,0.0022568269013767406,0.0022568269013767406
20800936,2009-03-08 13:00:00,,Arbitrage,Spread,111.0,-110.0,true,0.0022568269013767406,0.0022568269013767406
20701213,2008-04-15 19:30:00,,Arbitrage,Spread,108.0,-102.0,true,0.014280274181264319,0.014280274181264319
20701217,2008-04-16 19:00:00,,Arbitrage,Spread,111.0,-103.0,true,0.018677188149324175,0.018677188149324175
20701217,2008-04-16 19:00:00,,Arbitrage,Spread,111.0,-110.0,true,0.0022568269013767406,0.0022568269013767406
20701217,2008-04-16 19:00:00,,Arbitrage,Spread,111.0,-110.0,true,0.0022568269013767406,0.0022568269013767406
20701217,2008-04-16 19:00:00,,Arbitrage,Spread,111.0,-110.0,true,0.0022568269013767406,0.0022568269013767406
20800931,2009-03-07 20:00:00,,Arbitrage,Spread,103.0,-102.0,true,0.0024386675120714463,0.0024386675120714463
20800908,2009-03-04 19:30:00,,Arbitrage,Spread,107.0,-103.0,true,0.009519049998810147,0.009519049998810147
21100351,2012-02-04 21:00:00,,Arbitrage,Spread,106.0,-102.0,true,0.009612611746611543,0.009612611746611543
21100351,2012-02-04 21:00:00,,Arbitrage,Spread,106.0,-105.0,true,0.0023679848448969754,0.0023679848448969754
20800457,2008-12-29 22:30:00,,Arbitrage,Spread,107.0,-105.0,true,0.0047130906091670255,0.0047130906091670255
20800436,2008-12-27 19:00:00,,Arbitrage,Spread,106.0,-105.0,true,0.0023679848448969754,0.0023679848448969754
20800438,2008-12-27 19:00:00,,Arbitrage,Spread,110.0,-105.0,true,0.011614401858304313,0.011614401858304313
20800438,2008-12-27 19:00:00,,Arbitrage,Spread,110.0,-109.0,true,0.0022784233310549906,0.0022784233310549906
20800428,2008-12-26 19:30:00,,Arbitrage,Spread,105.0,-102.0,true,0.007244626901714568,0.007244626901714568
20800493,2009-01-03 20:30:00,,Arbitrage,Spread,103.0,-101.0,true,0.004901600372521631,0.004901600372521631
20800495,2009-01-04 12:30:00,,Arbitrage,Spread,103.0,100.0,true,0.007389162561576401,0.007389162561576401
20800496,2009-01-04 13:00:00,,Arbitrage,Spread,107.0,100.0,true,0.01690821256038655,0.01690821256038655
21400185,2014-11-22 19:00:00,,Arbitrage,Spread,-101.0,105.0,true,0.009707559762164752,0.009707559762164752
21400185,2014-11-22 19:00:00,,Arbitrage,Spread,-101.0,105.0,true,0.009707559762164752,0.009707559762164752
21400185,2014-11-22 19:00:00,,Arbitrage,Spread,-103.0,105.0,true,0.004805959389643011,0.004805959389643011
21400185,2014-11-22 19:00:00,,Arbitrage,Spread,-103.0,105.0,true,0.004805959389643011,0.004805959389643011
20800427,2008-12-26 19:30:00,,Arbitrage,Spread,103.0,-101.0,true,0.004901600372521631,0.004901600372521631
20800410,2008-12-23 19:00:00,,Arbitrage,Spread,107.0,-105.0,true,0.0047130906091670255,0.0047130906091670255
20800409,2008-12-23 19:00:00,,Arbitrage,Spread,107.0,-106.0,true,0.00234510576427005,0.00234510576427005
20800403,2008-12-22 19:00:00,,Arbitrage,Spread,109.0,-105.0,true,0.009335978527249322,0.009335978527249322
20800403,2008-12-22 19:00:00,,Arbitrage,Spread,109.0,-105.0,true,0.009335978527249322,0.009335978527249322
41500112,2016-04-18 19:00:00,,Arbitrage,Spread,104.0,100.0,true,0.009803921568627416,0.009803921568627416
21100425,2012-02-14 20:00:00,,Arbitrage,Spread,108.0,-103.0,true,0.011841606669192872,0.011841606669192872
21100426,2012-02-14 21:00:00,,Arbitrage,Spread,110.0,-107.0,true,0.0069013112491373985,0.0069013112491373985
21100426,2012-02-14 21:00:00,,Arbitrage,Spread,110.0,-105.0,true,0.011614401858304313,0.011614401858304313
20800342,2008-12-13 20:30:00,,Arbitrage,Spread,112.0,-110.0,true,0.004492362982928988,0.004492362982928988
20800342,2008-12-13 20:30:00,,Arbitrage,Spread,112.0,-110.0,true,0.004492362982928988,0.004492362982928988
20800342,2008-12-13 20:30:00,,Arbitrage,Spread,112.0,-110.0,true,0.004492362982928988,0.004492362982928988
20800342,2008-12-13 20:30:00,,Arbitrage,Spread,112.0,-105.0,true,0.016106764841233412,0.016106764841233412
20800342,2008-12-13 20:30:00,,Arbitrage,Spread,112.0,-109.0,true,0.00677078631398409,0.00677078631398409
20800342,2008-12-13 20:30:00,,Arbitrage,Spread,112.0,-110.0,true,0.004492362982928988,0.004492362982928988
20800342,2008-12-13 20:30:00,,Arbitrage,Spread,112.0,-110.0,true,0.004492362982928988,0.004492362982928988
20800333,2008-12-12 21:00:00,,Arbitrage,Spread,105.0,-102.0,true,0.007244626901714568,0.007244626901714568
20800324,2008-12-11 20:30:00,,Arbitrage,Spread,107.0,-104.0,true,0.007104290991759132,0.007104290991759132
20800307,2008-12-09 20:00:00,,Arbitrage,Spread,102.0,100.0,true,0.004950495049504955,0.004950495049504955
20800360,2008-12-16 19:00:00,,Arbitrage,Spread,106.0,-105.0,true,0.0023679848448969754,0.0023679848448969754
21700168,2017-11-09 22:30:00,,Arbitrage,Spread,102.0,-101.0,true,0.0024629328604501843,0.0024629328604501843
21700109,2017-11-01 19:30:00,,Arbitrage,Spread,108.0,-105.0,true,0.0070356472795497504,0.0070356472795497504
21700109,2017-11-01 19:30:00,,Arbitrage,Spread,-105.0,108.0,true,0.0070356472795497504,0.0070356472795497504
21700111,2017-11-01 20:00:00,,Arbitrage,Spread,102.0,-101.0,true,0.0024629328604501843,0.0024629328604501843
21700110,2017-11-01 19:30:00,,Arbitrage,Spread,-105.0,108.0,true,0.0070356472795497504,0.0070356472795497504
21700110,2017-11-01 19:30:00,,Arbitrage,Spread,-105.0,108.0,true,0.0070356472795497504,0.0070356472795497504
21700110,2017-11-01 19:30:00,,Arbitrage,Spread,108.0,-105.0,true,0.0070356472795497504,0.0070356472795497504
21700110,2017-11-01 19:30:00,,Arbitrage,Spread,-105.0,108.0,true,0.0070356472795497504,0.0070356472795497504
21701153,2018-04-01 20:30:00,,Arbitrage,Spread,104.0,-102.0,true,0.004853426519122461,0.004853426519122461
21100583,2012-03-08 22:30:00,,Arbitrage,Spread,107.0,-103.0,true,0.009519049998810147,0.009519049998810147
20800622,2009-01-21 20:00:00,,Arbitrage,Spread,105.0,-102.0,true,0.007244626901714568,0.007244626901714568
20800610,2009-01-19 20:00:00,,Arbitrage,Spread,105.0,-102.0,true,0.007244626901714568,0.007244626901714568
20800606,2009-01-19 15:30:00,,Arbitrage,Spread,107.0,-105.0,true,0.0047130906091670255,0.0047130906091670255
20800664,2009-01-27 20:00:00,,Arbitrage,Spread,107.0,-103.0,true,0.009519049998810147,0.009519049998810147
21400456,2014-12-28 21:00:00,,Arbitrage,Spread,-102.0,105.0,true,0.007244626901714568,0.007244626901714568
40700236,2008-05-15 21:00:00,,Arbitrage,Spread,105.0,-103.0,true,0.004805959389643011,0.004805959389643011
40700231,2008-05-03 22:00:00,,Arbitrage,Spread,108.0,-105.0,true,0.0070356472795497504,0.0070356472795497504
20800637,2009-01-23 20:30:00,,Arbitrage,Spread,105.0,-103.0,true,0.004805959389643011,0.004805959389643011
20800637,2009-01-23 20:30:00,,Arbitrage,Spread,105.0,-104.0,true,0.002391200382592107,0.002391200382592107
21400476,2014-12-31 15:00:00,,Arbitrage,Spread,104.0,-102.0,true,0.004853426519122461,0.004853426519122461
21400478,2014-12-31 19:00:00,,Arbitrage,Spread,102.0,-101.0,true,0.0024629328604501843,0.0024629328604501843
40700224,2008-05-11 15:30:00,,Arbitrage,Spread,105.0,100.0,true,0.012195121951219523,0.012195121951219523
21701131,2018-03-30 20:00:00,,Arbitrage,Spread,102.0,-101.0,true,0.0024629328604501843,0.0024629328604501843
21701134,2018-03-30 20:30:00,,Arbitrage,Spread,106.0,-102.0,true,0.009612611746611543,0.009612611746611543
21701134,2018-03-30 20:30:00,,Arbitrage,Spread,106.0,-105.0,true,0.0023679848448969754,0.0023679848448969754
41500315,2016-05-26 21:00:00,,Arbitrage,Spread,105.0,105.0,true,0.024390243902438935,0.024390243902438935
21701101,2018-03-25 20:00:00,,Arbitrage,Spread,104.0,-102.0,true,0.004853426519122461,0.004853426519122461
21701106,2018-03-26 20:00:00,,Arbitrage,Spread,108.0,-102.0,true,0.014280274181264319,0.014280274181264319
21701106,2018-03-26 20:00:00,,Arbitrage,Spread,108.0,-105.0,true,0.0070356472795497504,0.0070356472795497504
21100620,2012-03-13 19:00:00,,Arbitrage,Spread,102.0,-101.0,true,0.0024629328604501843,0.0024629328604501843
21100662,2012-03-18 15:00:00,,Arbitrage,Spread,104.0,-102.0,true,0.004853426519122461,0.004853426519122461
21100665,2012-03-18 18:00:00,,Arbitrage,Spread,103.0,-102.0,true,0.0024386675120714463,0.0024386675120714463
21100642,2012-03-15 22:30:00,,Arbitrage,Spread,104.0,-101.0,true,0.007316359379572646,0.007316359379572646
20800572,2009-01-14 20:00:00,,Arbitrage,Spread,108.0,-101.0,true,0.016743207041714503,0.016743207041714503
20800575,2009-01-14 22:30:00,,Arbitrage,Spread,108.0,-105.0,true,0.0070356472795497504,0.0070356472795497504
20800557,2009-01-12 20:30:00,,Arbitrage,Spread,105.0,-104.0,true,0.002391200382592107,0.002391200382592107
20800594,2009-01-17 20:30:00,,Arbitrage,Spread,102.0,-101.0,true,0.0024629328604501843,0.0024629328604501843
20800546,2009-01-11 12:30:00,,Arbitrage,Spread,106.0,-103.0,true,0.007173944234540097,0.007173944234540097
40700124,2008-04-26 15:00:00,,Arbitrage,Spread,103.0,100.0,true,0.007389162561576401,0.007389162561576401
20800522,2009-01-07 21:00:00,,Arbitrage,Spread,110.0,-105.0,true,0.011614401858304313,0.011614401858304313
20800516,2009-01-07 19:00:00,,Arbitrage,Spread,107.0,-105.0,true,0.0047130906091670255,0.0047130906091670255
40700107,2008-05-04 13:00:00,,Arbitrage,Spread,103.0,100.0,true,0.007389162561576401,0.007389162561576401
20800511,2009-01-06 20:30:00,,Arbitrage,Spread,105.0,-103.0,true,0.004805959389643011,0.004805959389643011
21701227,2018-04-11 20:00:00,,Arbitrage,Spread,102.0,-101.0,true,0.0024629328604501843,0.0024629328604501843
20700696,2008-02-03 12:00:00,,Arbitrage,Spread,112.0,-110.0,true,0.004492362982928988,0.004492362982928988
20700696,2008-02-03 12:00:00,,Arbitrage,Spread,112.0,-110.0,true,0.004492362982928988,0.004492362982928988
20700696,2008-02-03 12:00:00,,Arbitrage,Spread,112.0,-110.0,true,0.004492362982928988,0.004492362982928988
20700696,2008-02-03 12:00:00,,Arbitrage,Spread,112.0,-110.0,true,0.004492362982928988,0.004492362982928988
20700696,2008-02-03 12:00:00,,Arbitrage,Spread,112.0,-110.0,true,0.004492362982928988,0.004492362982928988
20700698,2008-02-04 19:00:00,,Arbitrage,Spread,103.0,100.0,true,0.007389162561576401,0.007389162561576401
21100735,2012-03-26 22:30:00,,Arbitrage,Spread,104.0,-103.0,true,0.002414759007051126,0.002414759007051126
21100723,2012-03-25 19:00:00,,Arbitrage,Spread,111.0,-105.0,true,0.013871228759680942,0.013871228759680942
21100723,2012-03-25 19:00:00,,Arbitrage,Spread,111.0,-110.0,true,0.0022568269013767406,0.0022568269013767406
21100723,2012-03-25 19:00:00,,Arbitrage,Spread,111.0,-110.0,true,0.0022568269013767406,0.0022568269013767406
21100723,2012-03-25 19:00:00,,Arbitrage,Spread,111.0,-105.0,true,0.013871228759680942,0.013871228759680942
21100723,2012-03-25 19:00:00,,Arbitrage,Spread,111.0,-110.0,true,0.0022568269013767406,0.0022568269013767406
21100723,2012-03-25 19:00:00,,Arbitrage,Spread,111.0,-110.0,true,0.0022568269013767406,0.0022568269013767406
21100723,2012-03-25 19:00:00,,Arbitrage,Spread,111.0,-110.0,true,0.0022568269013767406,0.0022568269013767406
21100723,2012-03-25 19:00:00,,Arbitrage,Spread,111.0,-110.0,true,0.0022568269013767406,0.0022568269013767406
41700231,2018-04-28 22:30:00,,Arbitrage,Spread,102.0,100.0,true,0.004950495049504955,0.004950495049504955
41700231,2018-04-28 22:30:00,,Arbitrage,Spread,102.0,100.0,true,0.004950495049504955,0.004950495049504955
20700649,2008-01-27 19:00:00,,Arbitrage,Spread,107.0,-105.0,true,0.0047130906091670255,0.0047130906091670255
20700642,2008-01-27 13:00:00,,Arbitrage,Spread,104.0,-102.0,true,0.004853426519122461,0.004853426519122461
20700643,2008-01-27 15:30:00,,Arbitrage,Spread,106.0,100.0,true,0.014563106796116498,0.014563106796116498
20700638,2008-01-26 15:30:00,,Arbitrage,Spread,106.0,-105.0,true,0.0023679848448969754,0.0023679848448969754
20700679,2008-02-01 19:00:00,,Arbitrage,Spread,105.0,100.0,true,0.012195121951219523,0.012195121951219523
20700669,2008-01-30 20:00:00,,Arbitrage,Spread,107.0,-106.0,true,0.00234510576427005,0.00234510576427005
21100754,2012-03-29 20:00:00,,Arbitrage,Spread,102.0,-101.0,true,0.0024629328604501843,0.0024629328604501843
20700668,2008-01-30 20:00:00,,Arbitrage,Spread,115.0,-105.0,true,0.022688598979013097,0.022688598979013097
20700668,2008-01-30 20:00:00,,Arbitrage,Spread,115.0,-110.0,true,0.011074197120708673,0.011074197120708673
20700668,2008-01-30 20:00:00,,Arbitrage,Spread,115.0,-110.0,true,0.011074197120708673,0.011074197120708673
20700668,2008-01-30 20:00:00,,Arbitrage,Spread,115.0,-110.0,true,0.011074197120708673,0.011074197120708673
20700668,2008-01-30 20:00:00,,Arbitrage,Spread,115.0,-110.0,true,0.011074197120708673,0.011074197120708673
20700668,2008-01-30 20:00:00,,Arbitrage,Spread,115.0,-110.0,true,0.011074197120708673,0.011074197120708673
20700659,2008-01-29 19:30:00,,Arbitrage,Spread,104.0,-103.0,true,0.002414759007051126,0.002414759007051126
20700606,2008-01-21 20:00:00,,Arbitrage,Spread,101.0,100.0,true,0.0024875621890546595,0.0024875621890546595
20700634,2008-01-25 21:00:00,,Arbitrage,Spread,107.0,-105.0,true,0.0047130906091670255,0.0047130906091670255
20700626,2008-01-25 19:00:00,,Arbitrage,Spread,107.0,-102.0,true,0.011957717510881594,0.011957717510881594
20700624,2008-01-24 22:30:00,,Arbitrage,Spread,103.0,100.0,true,0.007389162561576401,0.007389162561576401
21700418,2017-12-15 19:00:00,,Arbitrage,Spread,106.0,-105.0,true,0.0023679848448969754,0.0023679848448969754
21700418,2017-12-15 19:00:00,,Arbitrage,Spread,106.0,-105.0,true,0.0023679848448969754,0.0023679848448969754
21700458,2017-12-20 20:00:00,,Arbitrage,Spread,104.0,-102.0,true,0.004853426519122461,0.004853426519122461
21700437,2017-12-17 15:30:00,,Arbitrage,Spread,102.0,-101.0,true,0.0024629328604501843,0.0024629328604501843
21400680,2015-01-27 22:30:00,,Arbitrage,Spread,-106.0,108.0,true,0.004667662434652775,0.004667662434652775
21700468,2017-12-21 20:00:00,,Arbitrage,Spread,102.0,100.0,true,0.004950495049504955,0.004950495049504955
21700481,2017-12-23 19:00:00,,Arbitrage,Spread,107.0,-103.0,true,0.009519049998810147,0.009519049998810147
21700481,2017-12-23 19:00:00,,Arbitrage,Spread,107.0,-105.0,true,0.0047130906091670255,0.0047130906091670255
21700483,2017-12-23 19:00:00,,Arbitrage,Spread,104.0,-103.0,true,0.002414759007051126,0.002414759007051126
20700575,2008-01-18 19:00:00,,Arbitrage,Spread,101.0,100.0,true,0.0024875621890546595,0.0024875621890546595
41700314,2018-05-22 21:00:00,,Arbitrage,Spread,-101.0,102.0,true,0.0024629328604501843,0.0024629328604501843
41700314,2018-05-22 21:00:00,,Arbitrage,Spread,-101.0,102.0,true,0.0024629328604501843,0.0024629328604501843
20700561,2008-01-15 22:30:00,,Arbitrage,Spread,105.0,-103.0,true,0.004805959389643011,0.004805959389643011
21100838,2012-04-08 18:00:00,,Arbitrage,Spread,105.0,-102.0,true,0.007244626901714568,0.007244626901714568
20700536,2008-01-12 20:30:00,,Arbitrage,Spread,104.0,-102.0,true,0.004853426519122461,0.004853426519122461
20700534,2008-01-12 19:30:00,,Arbitrage,Spread,111.0,-107.0,true,0.009158138150514139,0.009158138150514139
20700534,2008-01-12 19:30:00,,Arbitrage,Spread,111.0,-110.0,true,0.0022568269013767406,0.0022568269013767406
20700534,2008-01-12 19:30:00,,Arbitrage,Spread,111.0,-110.0,true,0.0022568269013767406,0.0022568269013767406
20700534,2008-01-12 19:30:00,,Arbitrage,Spread,111.0,-105.0,true,0.013871228759680942,0.013871228759680942
20700534,2008-01-12 19:30:00,,Arbitrage,Spread,111.0,-110.0,true,0.0022568269013767406,0.0022568269013767406
20700534,2008-01-12 19:30:00,,Arbitrage,Spread,111.0,-110.0,true,0.0022568269013767406,0.0022568269013767406
20700523,2008-01-11 19:00:00,,Arbitrage,Spread,101.0,100.0,true,0.0024875621890546595,0.0024875621890546595
20700555,2008-01-15 19:00:00,,Arbitrage,Spread,101.0,100.0,true,0.0024875621890546595,0.0024875621890546595
20700541,2008-01-13 12:30:00,,Arbitrage,Spread,104.0,-102.0,true,0.004853426519122461,0.004853426519122461
21100874,2012-04-13 19:00:00,,Arbitrage,Spread,104.0,-103.0,true,0.002414759007051126,0.002414759007051126
20700510,2008-01-09 19:00:00,,Arbitrage,Spread,108.0,-105.0,true,0.0070356472795497504,0.0070356472795497504
20700500,2008-01-08 19:00:00,,Arbitrage,Spread,107.0,100.0,true,0.01690821256038655,0.01690821256038655
21700571,2018-01-05 20:00:00,,Arbitrage,Spread,-108.0,110.0,true,0.0045787545787546735,0.0045787545787546735
21700571,2018-01-05 20:00:00,,Arbitrage,Spread,-105.0,110.0,true,0.011614401858304313,0.011614401858304313
21700526,2017-12-29 20:00:00,,Arbitrage,Spread,109.0,-103.0,true,0.014141937916892444,0.014141937916892444
21700526,2017-12-29 20:00:00,,Arbitrage,Spread,109.0,-105.0,true,0.009335978527249322,0.009335978527249322
21700535,2017-12-30 20:30:00,,Arbitrage,Spread,104.0,-103.0,true,0.002414759007051126,0.002414759007051126
21100900,2012-04-15 19:00:00,,Arbitrage,Spread,103.0,-102.0,true,0.0024386675120714463,0.0024386675120714463
21400508,2015-01-04 21:30:00,,Arbitrage,Spread,-101.0,102.0,true,0.0024629328604501843,0.0024629328604501843
21100977,2012-04-25 22:30:00,,Arbitrage,Spread,112.0,-103.0,true,0.020912724230876423,0.020912724230876423
21100977,2012-04-25 22:30:00,,Arbitrage,Spread,112.0,-110.0,true,0.004492362982928988,0.004492362982928988
21100977,2012-04-25 22:30:00,,Arbitrage,Spread,112.0,-110.0,true,0.004492362982928988,0.004492362982928988
21100977,2012-04-25 22:30:00,,Arbitrage,Spread,112.0,-110.0,true,0.004492362982928988,0.004492362982928988
21100977,2012-04-25 22:30:00,,Arbitrage,Spread,112.0,-110.0,true,0.004492362982928988,0.004492362982928988
21100977,2012-04-25 22:30:00,,Arbitrage,Spread,112.0,-110.0,true,0.004492362982928988,0.004492362982928988
21100977,2012-04-25 22:30:00,,Arbitrage,Spread,112.0,-110.0,true,0.004492362982928988,0.004492362982928988
21100979,2012-04-26 20:00:00,,Arbitrage,Spread,104.0,-102.0,true,0.004853426519122461,0.004853426519122461
21100952,2012-04-22 15:30:00,,Arbitrage,Spread,105.0,-101.0,true,0.009707559762164752,0.009707559762164752
21100955,2012-04-22 18:00:00,,Arbitrage,Spread,110.0,-101.0,true,0.021321961620469065,0.021321961620469065
21100955,2012-04-22 18:00:00,,Arbitrage,Spread,110.0,-105.0,true,0.011614401858304313,0.011614401858304313
21100958,2012-04-22 20:00:00,,Arbitrage,Spread,104.0,-102.0,true,0.004853426519122461,0.004853426519122461
20700888,2008-03-03 22:30:00,,Arbitrage,Spread,111.0,-103.0,true,0.018677188149324175,0.018677188149324175
20700888,2008-03-03 22:30:00,,Arbitrage,Spread,111.0,-110.0,true,0.0022568269013767406,0.0022568269013767406
20700888,2008-03-03 22:30:00,,Arbitrage,Spread,111.0,-110.0,true,0.0022568269013767406,0.0022568269013767406
20700888,2008-03-03 22:30:00,,Arbitrage,Spread,111.0,-110.0,true,0.0022568269013767406,0.0022568269013767406
20700888,2008-03-03 22:30:00,,Arbitrage,Spread,111.0,-110.0,true,0.0022568269013767406,0.0022568269013767406
20700885,2008-03-02 21:00:00,,Arbitrage,Spread,106.0,-102.0,true,0.009612611746611543,0.009612611746611543
20700848,2008-02-27 19:00:00,,Arbitrage,Spread,108.0,-105.0,true,0.0070356472795497504,0.0070356472795497504
20700835,2008-02-25 21:00:00,,Arbitrage,Spread,104.0,-103.0,true,0.002414759007051126,0.002414759007051126
20700873,2008-03-01 21:00:00,,Arbitrage,Spread,107.0,-105.0,true,0.0047130906091670255,0.0047130906091670255
20700875,2008-03-02 13:00:00,,Arbitrage,Spread,107.0,-105.0,true,0.0047130906091670255,0.0047130906091670255
20700829,2008-02-24 20:00:00,,Arbitrage,Spread,111.0,-103.0,true,0.018677188149324175,0.018677188149324175
20700829,2008-02-24 20:00:00,,Arbitrage,Spread,111.0,-110.0,true,0.0022568269013767406,0.0022568269013767406
20700829,2008-02-24 20:00:00,,Arbitrage,Spread,111.0,-110.0,true,0.0022568269013767406,0.0022568269013767406
20700829,2008-02-24 20:00:00,,Arbitrage,Spread,111.0,-110.0,true,0.0022568269013767406,0.0022568269013767406
20700829,2008-02-24 20:00:00,,Arbitrage,Spread,111.0,-110.0,true,0.0022568269013767406,0.0022568269013767406
20700829,2008-02-24 20:00:00,,Arbitrage,Spread,111.0,-110.0,true,0.0022568269013767406,0.0022568269013767406
20601137,2007-04-07 20:00:00,,Arbitrage,Spread,111.0,-110.0,true,0.0022568269013767406,0.0022568269013767406
20601137,2007-04-07 20:00:00,,Arbitrage,Spread,111.0,-110.0,true,0.0022568269013767406,0.0022568269013767406
20601137,2007-04-07 20:00:00,,Arbitrage,Spread,111.0,-110.0,true,0.0022568269013767406,0.0022568269013767406
20601134,2007-04-07 19:00:00,,Arbitrage,Spread,107.0,-105.0,true,0.0047130906091670255,0.0047130906091670255
21700207,2017-11-15 20:00:00,,Arbitrage,Spread,102.0,100.0,true,0.004950495049504955,0.004950495049504955
21700209,2017-11-15 20:00:00,,Arbitrage,Spread,104.0,-102.0,true,0.004853426519122461,0.004853426519122461
20700910,2008-03-06 20:00:00,,Arbitrage,Spread,106.0,-103.0,true,0.007173944234540097,0.007173944234540097
20700903,2008-03-05 20:00:00,,Arbitrage,Spread,103.0,-102.0,true,0.0024386675120714463,0.0024386675120714463
20601190,2007-04-14 20:30:00,,Arbitrage,Spread,111.0,-110.0,true,0.0022568269013767406,0.0022568269013767406
20601190,2007-04-14 20:30:00,,Arbitrage,Spread,111.0,-110.0,true,0.0022568269013767406,0.0022568269013767406
20601190,2007-04-14 20:30:00,,Arbitrage,Spread,111.0,-110.0,true,0.0022568269013767406,0.0022568269013767406
20601190,2007-04-14 20:30:00,,Arbitrage,Spread,111.0,-110.0,true,0.0022568269013767406,0.0022568269013767406
20601190,2007-04-14 20:30:00,,Arbitrage,Spread,111.0,-110.0,true,0.0022568269013767406,0.0022568269013767406
20601190,2007-04-14 20:30:00,,Arbitrage,Spread,111.0,-110.0,true,0.0022568269013767406,0.0022568269013767406
20601195,2007-04-15 13:00:00,,Arbitrage,Spread,111.0,-110.0,true,0.0022568269013767406,0.0022568269013767406
20601195,2007-04-15 13:00:00,,Arbitrage,Spread,111.0,-110.0,true,0.0022568269013767406,0.0022568269013767406
20601195,2007-04-15 13:00:00,,Arbitrage,Spread,111.0,-110.0,true,0.0022568269013767406,0.0022568269013767406
20601195,2007-04-15 13:00:00,,Arbitrage,Spread,111.0,-110.0,true,0.0022568269013767406,0.0022568269013767406
20601195,2007-04-15 13:00:00,,Arbitrage,Spread,111.0,-110.0,true,0.0022568269013767406,0.0022568269013767406
20601195,2007-04-15 13:00:00,,Arbitrage,Spread,111.0,-110.0,true,0.0022568269013767406,0.0022568269013767406
21700277,2017-11-25 19:00:00,,Arbitrage,Spread,110.0,-107.0,true,0.0069013112491373985,0.0069013112491373985
21400893,2015-03-03 20:00:00,,Arbitrage,Spread,-101.0,102.0,true,0.0024629328604501843,0.0024629328604501843
21700261,2017-11-22 20:00:00,,Arbitrage,Spread,104.0,-102.0,true,0.004853426519122461,0.004853426519122461
21400844,2015-02-25 19:30:00,,Arbitrage,Spread,102.0,-101.0,true,0.0024629328604501843,0.0024629328604501843
21700219,2017-11-17 19:30:00,,Arbitrage,Spread,-105.0,110.0,true,0.011614401858304313,0.011614401858304313
21700219,2017-11-17 19:30:00,,Arbitrage,Spread,-108.0,110.0,true,0.0045787545787546735,0.0045787545787546735
21700219,2017-11-17 19:30:00,,Arbitrage,Spread,-109.0,110.0,true,0.0022784233310549906,0.0022784233310549906
21700219,2017-11-17 19:30:00,,Arbitrage,Spread,110.0,-109.0,true,0.0022784233310549906,0.0022784233310549906
21700241,2017-11-20 19:00:00,,Arbitrage,Spread,108.0,-103.0,true,0.011841606669192872,0.011841606669192872
21700241,2017-11-20 19:00:00,,Arbitrage,Spread,108.0,-105.0,true,0.0070356472795497504,0.0070356472795497504
21400883,2015-03-01 15:30:00,,Arbitrage,Spread,103.0,102.0,true,0.012339657611081356,0.012339657611081356
20700773,2008-02-13 20:30:00,,Arbitrage,Spread,105.0,-102.0,true,0.007244626901714568,0.007244626901714568
20700770,2008-02-13 19:30:00,,Arbitrage,Spread,105.0,-103.0,true,0.004805959389643011,0.004805959389643011
20700727,2008-02-08 19:00:00,,Arbitrage,Spread,-106.0,856.0,true,0.38083438274363246,0.38083438274363246
20700727,2008-02-08 19:00:00,,Arbitrage,Spread,856.0,-110.0,true,0.3715879657302251,0.3715879657302251
20700727,2008-02-08 19:00:00,,Arbitrage,Spread,856.0,-110.0,true,0.3715879657302251,0.3715879657302251
20700727,2008-02-08 19:00:00,,Arbitrage,Spread,856.0,-105.0,true,0.38320236758852944,0.38320236758852944
20700727,2008-02-08 19:00:00,,Arbitrage,Spread,856.0,-110.0,true,0.3715879657302251,0.3715879657302251
20700727,2008-02-08 19:00:00,,Arbitrage,Spread,856.0,-110.0,true,0.3715879657302251,0.3715879657302251
20700726,2008-02-08 19:00:00,,Arbitrage,Spread,107.0,-102.0,true,0.011957717510881594,0.011957717510881594
20700722,2008-02-06 22:00:00,,Arbitrage,Spread,105.0,-104.0,true,0.002391200382592107,0.002391200382592107
20700716,2008-02-06 19:30:00,,Arbitrage,Spread,109.0,-108.0,true,0.002300331247699683,0.002300331247699683
20700719,2008-02-06 21:00:00,,Arbitrage,Spread,110.0,-105.0,true,0.011614401858304313,0.011614401858304313
20700747,2008-02-10 18:00:00,,Arbitrage,Spread,111.0,-105.0,true,0.013871228759680942,0.013871228759680942
20700747,2008-02-10 18:00:00,,Arbitrage,Spread,111.0,-110.0,true,0.0022568269013767406,0.0022568269013767406
20700747,2008-02-10 18:00:00,,Arbitrage,Spread,111.0,-108.0,true,0.006835581480131303,0.006835581480131303
20700747,2008-02-10 18:00:00,,Arbitrage,Spread,111.0,-110.0,true,0.0022568269013767406,0.0022568269013767406
20700747,2008-02-10 18:00:00,,Arbitrage,Spread,111.0,-110.0,true,0.0022568269013767406,0.0022568269013767406
20700747,2008-02-10 18:00:00,,Arbitrage,Spread,111.0,-108.0,true,0.006835581480131303,0.006835581480131303
20700746,2008-02-10 18:00:00,,Arbitrage,Spread,108.0,-106.0,true,0.004667662434652775,0.004667662434652775
20700744,2008-02-10 19:00:00,,Arbitrage,Spread,107.0,100.0,true,0.01690821256038655,0.01690821256038655
20700710,2008-02-05 19:30:00,,Arbitrage,Spread,107.0,-105.0,true,0.0047130906091670255,0.0047130906091670255
20700700,2008-02-04 19:30:00,,Arbitrage,Spread,110.0,-105.0,true,0.011614401858304313,0.011614401858304313
21700308,2017-11-29 20:00:00,,Arbitrage,Spread,102.0,-101.0,true,0.0024629328604501843,0.0024629328604501843
20601032,2007-03-24 19:00:00,,Arbitrage,Spread,107.0,-105.0,true,0.0047130906091670255,0.0047130906091670255
20601033,2007-03-24 19:30:00,,Arbitrage,Spread,110.0,-105.0,true,0.011614401858304313,0.011614401858304313
20601044,2007-03-25 21:30:00,,Arbitrage,Spread,108.0,-105.0,true,0.0070356472795497504,0.0070356472795497504
20601050,2007-03-26 20:30:00,,Arbitrage,Spread,111.0,-110.0,true,0.0022568269013767406,0.0022568269013767406
20601050,2007-03-26 20:30:00,,Arbitrage,Spread,111.0,-110.0,true,0.0022568269013767406,0.0022568269013767406
20601050,2007-03-26 20:30:00,,Arbitrage,Spread,111.0,-110.0,true,0.0022568269013767406,0.0022568269013767406
20601060,2007-03-28 19:00:00,,Arbitrage,Spread,111.0,-110.0,true,0.0022568269013767406,0.0022568269013767406
20601060,2007-03-28 19:00:00,,Arbitrage,Spread,111.0,-103.0,true,0.018677188149324175,0.018677188149324175
20601060,2007-03-28 19:00:00,,Arbitrage,Spread,111.0,-110.0,true,0.0022568269013767406,0.0022568269013767406
21700380,2017-12-09 20:00:00,,Arbitrage,Spread,105.0,-102.0,true,0.007244626901714568,0.007244626901714568
21700381,2017-12-09 20:30:00,,Arbitrage,Spread,102.0,102.0,true,0.00990099009900991,0.00990099009900991
21700383,2017-12-09 21:00:00,,Arbitrage,Spread,106.0,-105.0,true,0.0023679848448969754,0.0023679848448969754
21700383,2017-12-09 21:00:00,,Arbitrage,Spread,106.0,-105.0,true,0.0023679848448969754,0.0023679848448969754
21700368,2017-12-08 19:00:00,,Arbitrage,Spread,103.0,-101.0,true,0.004901600372521631,0.004901600372521631
20700216,2007-11-28 20:30:00,,Arbitrage,Spread,111.0,-110.0,true,0.0022568269013767406,0.0022568269013767406
20700216,2007-11-28 20:30:00,,Arbitrage,Spread,111.0,-110.0,true,0.0022568269013767406,0.0022568269013767406
20700216,2007-11-28 20:30:00,,Arbitrage,Spread,111.0,-110.0,true,0.0022568269013767406,0.0022568269013767406
20700216,2007-11-28 20:30:00,,Arbitrage,Spread,111.0,-110.0,true,0.0022568269013767406,0.0022568269013767406
20700216,2007-11-28 20:30:00,,Arbitrage,Spread,111.0,-110.0,true,0.0022568269013767406,0.0022568269013767406
20700216,2007-11-28 20:30:00,,Arbitrage,Spread,111.0,-110.0,true,0.0022568269013767406,0.0022568269013767406
20700233,2007-11-30 22:30:00,,Arbitrage,Spread,108.0,-103.0,true,0.011841606669192872,0.011841606669192872
20700233,2007-11-30 22:30:00,,Arbitrage,Spread,108.0,-105.0,true,0.0070356472795497504,0.0070356472795497504
20700239,2007-12-01 20:30:00,,Arbitrage,Spread,112.0,-110.0,true,0.004492362982928988,0.004492362982928988
20700239,2007-12-01 20:30:00,,Arbitrage,Spread,112.0,-110.0,true,0.004492362982928988,0.004492362982928988
20700239,2007-12-01 20:30:00,,Arbitrage,Spread,112.0,-110.0,true,0.004492362982928988,0.004492362982928988
20700239,2007-12-01 20:30:00,,Arbitrage,Spread,112.0,-110.0,true,0.004492362982928988,0.004492362982928988
20700239,2007-12-01 20:30:00,,Arbitrage,Spread,112.0,-110.0,true,0.004492362982928988,0.004492362982928988
20700239,2007-12-01 20:30:00,,Arbitrage,Spread,112.0,-110.0,true,0.004492362982928988,0.004492362982928988
40800204,2009-05-11 19:00:00,,Arbitrage,Spread,104.0,-101.0,true,0.007316359379572646,0.007316359379572646
21000999,2011-03-14 22:30:00,,Arbitrage,Spread,106.0,-105.0,true,0.0023679848448969754,0.0023679848448969754
21000999,2011-03-14 22:30:00,,Arbitrage,Spread,106.0,-104.0,true,0.004759185227489082,0.004759185227489082
21000997,2011-03-14 21:00:00,,Arbitrage,Spread,105.0,-102.0,true,0.007244626901714568,0.007244626901714568
21000991,2011-03-14 19:00:00,,Arbitrage,Spread,104.0,-102.0,true,0.004853426519122461,0.004853426519122461
21000939,2011-03-06 21:00:00,,Arbitrage,Spread,104.0,-101.0,true,0.007316359379572646,0.007316359379572646
21700910,2018-02-27 20:00:00,,Arbitrage,Spread,-110.0,112.0,true,0.004492362982928988,0.004492362982928988
21700910,2018-02-27 20:00:00,,Arbitrage,Spread,112.0,-110.0,true,0.004492362982928988,0.004492362982928988
21700910,2018-02-27 20:00:00,,Arbitrage,Spread,112.0,-105.0,true,0.016106764841233412,0.016106764841233412
21700910,2018-02-27 20:00:00,,Arbitrage,Spread,112.0,-110.0,true,0.004492362982928988,0.004492362982928988
21700910,2018-02-27 20:00:00,,Arbitrage,Spread,112.0,-110.0,true,0.004492362982928988,0.004492362982928988
21700910,2018-02-27 20:00:00,,Arbitrage,Spread,112.0,-110.0,true,0.004492362982928988,0.004492362982928988
40800173,2009-04-24 21:30:00,,Arbitrage,Spread,106.0,-102.0,true,0.009612611746611543,0.009612611746611543
20700298,2007-12-09 19:00:00,,Arbitrage,Spread,106.0,-102.0,true,0.009612611746611543,0.009612611746611543
40800103,2009-04-24 19:00:00,,Arbitrage,Spread,104.0,-102.0,true,0.004853426519122461,0.004853426519122461
40800104,2009-04-26 15:30:00,,Arbitrage,Spread,107.0,-103.0,true,0.009519049998810147,0.009519049998810147
40800104,2009-04-26 15:30:00,,Arbitrage,Spread,107.0,-105.0,true,0.0047130906091670255,0.0047130906091670255
40800104,2009-04-26 15:30:00,,Arbitrage,Spread,107.0,-104.0,true,0.007104290991759132,0.007104290991759132
20700282,2007-12-07 20:00:00,,Arbitrage,Spread,108.0,-105.0,true,0.0070356472795497504,0.0070356472795497504
20700282,2007-12-07 20:00:00,,Arbitrage,Spread,108.0,-105.0,true,0.0070356472795497504,0.0070356472795497504
20700284,2007-12-07 22:00:00,,Arbitrage,Spread,107.0,-105.0,true,0.0047130906091670255,0.0047130906091670255
20700284,2007-12-07 22:00:00,,Arbitrage,Spread,107.0,-105.0,true,0.0047130906091670255,0.0047130906091670255
41100102,2012-05-01 20:00:00,,Arbitrage,Spread,-103.0,105.0,true,0.004805959389643011,0.004805959389643011
40800112,2009-04-20 19:00:00,,Arbitrage,Spread,105.0,100.0,true,0.012195121951219523,0.012195121951219523
41100114,2012-05-06 15:30:00,,Arbitrage,Spread,-109.0,125.0,true,0.034024455077086735,0.034024455077086735
41100114,2012-05-06 15:30:00,,Arbitrage,Spread,125.0,-110.0,true,0.031746031746031744,0.031746031746031744
41100114,2012-05-06 15:30:00,,Arbitrage,Spread,125.0,-110.0,true,0.031746031746031744,0.031746031746031744
41100114,2012-05-06 15:30:00,,Arbitrage,Spread,125.0,-105.0,true,0.04336043360433606,0.04336043360433606
41100114,2012-05-06 15:30:00,,Arbitrage,Spread,125.0,-105.0,true,0.04336043360433606,0.04336043360433606
41100114,2012-05-06 15:30:00,,Arbitrage,Spread,125.0,-115.0,true,0.02067183462532296,0.02067183462532296
41100114,2012-05-06 15:30:00,,Arbitrage,Spread,125.0,-110.0,true,0.031746031746031744,0.031746031746031744
41100114,2012-05-06 15:30:00,,Arbitrage,Spread,125.0,-110.0,true,0.031746031746031744,0.031746031746031744
41100114,2012-05-06 15:30:00,,Arbitrage,Spread,125.0,-110.0,true,0.031746031746031744,0.031746031746031744
20700257,2007-12-04 19:00:00,,Arbitrage,Spread,118.0,-105.0,true,0.02908928171850511,0.02908928171850511
20700257,2007-12-04 19:00:00,,Arbitrage,Spread,118.0,-110.0,true,0.01747487986020091,0.01747487986020091
20700257,2007-12-04 19:00:00,,Arbitrage,Spread,118.0,-110.0,true,0.01747487986020091,0.01747487986020091
20700257,2007-12-04 19:00:00,,Arbitrage,Spread,118.0,-115.0,true,0.006400682739492014,0.006400682739492014
20700257,2007-12-04 19:00:00,,Arbitrage,Spread,118.0,-110.0,true,0.01747487986020091,0.01747487986020091
20700257,2007-12-04 19:00:00,,Arbitrage,Spread,118.0,-110.0,true,0.01747487986020091,0.01747487986020091
40800136,2009-05-01 20:00:00,,Arbitrage,Spread,110.0,-102.0,true,0.01885902876001888,0.01885902876001888
20700242,2007-12-02 12:30:00,,Arbitrage,Spread,110.0,-105.0,true,0.011614401858304313,0.011614401858304313
20700241,2007-12-01 22:00:00,,Arbitrage,Spread,105.0,-103.0,true,0.004805959389643011,0.004805959389643011
41100176,2012-05-11 21:00:00,,Arbitrage,Spread,108.0,-103.0,true,0.011841606669192872,0.011841606669192872
41100176,2012-05-11 21:00:00,,Arbitrage,Spread,108.0,-105.0,true,0.0070356472795497504,0.0070356472795497504
41100176,2012-05-11 21:00:00,,Arbitrage,Spread,108.0,-105.0,true,0.0070356472795497504,0.0070356472795497504
20700269,2007-12-05 20:30:00,,Arbitrage,Spread,107.0,-102.0,true,0.011957717510881594,0.011957717510881594
41100163,2012-05-04 22:30:00,,Arbitrage,Spread,-101.0,102.0,true,0.0024629328604501843,0.0024629328604501843
41100164,2012-05-06 21:30:00,,Arbitrage,Spread,103.0,-102.0,true,0.0024386675120714463,0.0024386675120714463
21300097,2013-11-10 21:30:00,,Arbitrage,Spread,104.0,-102.0,true,0.004853426519122461,0.004853426519122461
21000856,2011-02-23 20:30:00,,Arbitrage,Spread,103.0,-102.0,true,0.0024386675120714463,0.0024386675120714463
21000813,2011-02-14 19:00:00,,Arbitrage,Spread,103.0,-102.0,true,0.0024386675120714463,0.0024386675120714463
21700983,2018-03-09 21:00:00,,Arbitrage,Spread,113.0,-101.0,true,0.028028869735827855,0.028028869735827855
21700983,2018-03-09 21:00:00,,Arbitrage,Spread,113.0,-105.0,true,0.018321309973663102,0.018321309973663102
21700983,2018-03-09 21:00:00,,Arbitrage,Spread,113.0,-110.0,true,0.0067069081153587895,0.0067069081153587895
21700983,2018-03-09 21:00:00,,Arbitrage,Spread,113.0,-110.0,true,0.0067069081153587895,0.0067069081153587895
21700983,2018-03-09 21:00:00,,Arbitrage,Spread,113.0,-110.0,true,0.0067069081153587895,0.0067069081153587895
41100204,2012-05-20 15:30:00,,Arbitrage,Spread,109.0,-102.0,true,0.01658060542896389,0.01658060542896389
41100223,2012-05-19 15:30:00,,Arbitrage,Spread,107.0,-105.0,true,0.0047130906091670255,0.0047130906091670255
20700139,2007-11-17 21:00:00,,Arbitrage,Spread,106.0,-102.0,true,0.009612611746611543,0.009612611746611543
20700156,2007-11-20 22:00:00,,Arbitrage,Spread,107.0,-102.0,true,0.011957717510881594,0.011957717510881594
20700140,2007-11-17 22:30:00,,Arbitrage,Spread,108.0,-105.0,true,0.0070356472795497504,0.0070356472795497504
20700140,2007-11-17 22:30:00,,Arbitrage,Spread,108.0,-105.0,true,0.0070356472795497504,0.0070356472795497504
20700444,2007-12-30 18:00:00,,Arbitrage,Spread,107.0,-105.0,true,0.0047130906091670255,0.0047130906091670255
20700443,2007-12-30 12:00:00,,Arbitrage,Spread,113.0,-106.0,true,0.015953325128766127,0.015953325128766127
20700443,2007-12-30 12:00:00,,Arbitrage,Spread,113.0,-110.0,true,0.0067069081153587895,0.0067069081153587895
20700443,2007-12-30 12:00:00,,Arbitrage,Spread,113.0,-110.0,true,0.0067069081153587895,0.0067069081153587895
20700443,2007-12-30 12:00:00,,Arbitrage,Spread,113.0,-110.0,true,0.0067069081153587895,0.0067069081153587895
20700448,2007-12-30 22:00:00,,Arbitrage,Spread,109.0,-105.0,true,0.009335978527249322,0.009335978527249322
20700440,2007-12-29 20:30:00,,Arbitrage,Spread,108.0,-105.0,true,0.0070356472795497504,0.0070356472795497504
20700479,2008-01-04 20:30:00,,Arbitrage,Spread,111.0,-105.0,true,0.013871228759680942,0.013871228759680942
20700479,2008-01-04 20:30:00,,Arbitrage,Spread,111.0,-110.0,true,0.0022568269013767406,0.0022568269013767406
20700479,2008-01-04 20:30:00,,Arbitrage,Spread,111.0,-110.0,true,0.0022568269013767406,0.0022568269013767406
20700479,2008-01-04 20:30:00,,Arbitrage,Spread,111.0,-105.0,true,0.013871228759680942,0.013871228759680942
20700479,2008-01-04 20:30:00,,Arbitrage,Spread,111.0,-110.0,true,0.0022568269013767406,0.0022568269013767406
20700479,2008-01-04 20:30:00,,Arbitrage,Spread,111.0,-110.0,true,0.0022568269013767406,0.0022568269013767406
20700473,2008-01-04 19:00:00,,Arbitrage,Spread,101.0,100.0,true,0.0024875621890546595,0.0024875621890546595
20700461,2008-01-02 19:00:00,,Arbitrage,Spread,105.0,-103.0,true,0.004805959389643011,0.004805959389643011
20700414,2007-12-26 20:30:00,,Arbitrage,Spread,105.0,-104.0,true,0.002391200382592107,0.002391200382592107
20700406,2007-12-25 17:00:00,,Arbitrage,Spread,102.0,-101.0,true,0.0024629328604501843,0.0024629328604501843
20700432,2007-12-28 22:30:00,,Arbitrage,Spread,107.0,-105.0,true,0.0047130906091670255,0.0047130906091670255
41400153,2015-04-24 19:00:00,,Arbitrage,Spread,100.0,102.0,true,0.004950495049504955,0.004950495049504955
20700418,2007-12-26 22:30:00,,Arbitrage,Spread,105.0,-102.0,true,0.007244626901714568,0.007244626901714568
21000736,2011-02-04 19:00:00,,Arbitrage,Spread,103.0,-102.0,true,0.0024386675120714463,0.0024386675120714463
21000735,2011-02-04 19:00:00,,Arbitrage,Spread,102.0,-101.0,true,0.0024629328604501843,0.0024629328604501843
21000750,2011-02-05 20:30:00,,Arbitrage,Spread,105.0,-103.0,true,0.004805959389643011,0.004805959389643011
21000689,2011-01-28 21:00:00,,Arbitrage,Spread,109.0,-105.0,true,0.009335978527249322,0.009335978527249322
21000688,2011-01-28 20:00:00,,Arbitrage,Spread,105.0,-102.0,true,0.007244626901714568,0.007244626901714568
21000650,2011-01-22 22:00:00,,Arbitrage,Spread,105.0,-103.0,true,0.004805959389643011,0.004805959389643011
21000643,2011-01-22 19:30:00,,Arbitrage,Spread,107.0,-102.0,true,0.011957717510881594,0.011957717510881594
21000640,2011-01-22 19:00:00,,Arbitrage,Spread,107.0,-102.0,true,0.011957717510881594,0.011957717510881594
21000665,2011-01-25 20:30:00,,Arbitrage,Spread,103.0,-102.0,true,0.0024386675120714463,0.0024386675120714463
20700486,2008-01-05 20:30:00,,Arbitrage,Spread,113.0,100.0,true,0.030516431924882625,0.030516431924882625
20700486,2008-01-05 20:30:00,,Arbitrage,Spread,113.0,-110.0,true,0.0067069081153587895,0.0067069081153587895
20700486,2008-01-05 20:30:00,,Arbitrage,Spread,113.0,-110.0,true,0.0067069081153587895,0.0067069081153587895
20700486,2008-01-05 20:30:00,,Arbitrage,Spread,113.0,-105.0,true,0.018321309973663102,0.018321309973663102
20700486,2008-01-05 20:30:00,,Arbitrage,Spread,113.0,-110.0,true,0.0067069081153587895,0.0067069081153587895
20700486,2008-01-05 20:30:00,,Arbitrage,Spread,113.0,-110.0,true,0.0067069081153587895,0.0067069081153587895
20700333,2007-12-14 20:00:00,,Arbitrage,Spread,107.0,-105.0,true,0.0047130906091670255,0.0047130906091670255
20700335,2007-12-14 20:30:00,,Arbitrage,Spread,107.0,-103.0,true,0.009519049998810147,0.009519049998810147
20700327,2007-12-14 19:00:00,,Arbitrage,Spread,108.0,-105.0,true,0.0070356472795497504,0.0070356472795497504
20700317,2007-12-12 19:00:00,,Arbitrage,Spread,105.0,-103.0,true,0.004805959389643011,0.004805959389643011
20700357,2007-12-17 19:30:00,,Arbitrage,Spread,105.0,-103.0,true,0.004805959389643011,0.004805959389643011
20700351,2007-12-16 13:00:00,,Arbitrage,Spread,113.0,-102.0,true,0.02556593687537767,0.02556593687537767
20700351,2007-12-16 13:00:00,,Arbitrage,Spread,113.0,-110.0,true,0.0067069081153587895,0.0067069081153587895
20700351,2007-12-16 13:00:00,,Arbitrage,Spread,113.0,-110.0,true,0.0067069081153587895,0.0067069081153587895
20700351,2007-12-16 13:00:00,,Arbitrage,Spread,113.0,-110.0,true,0.0067069081153587895,0.0067069081153587895
20700351,2007-12-16 13:00:00,,Arbitrage,Spread,113.0,-110.0,true,0.0067069081153587895,0.0067069081153587895
20700350,2007-12-16 12:30:00,,Arbitrage,Spread,103.0,-102.0,true,0.0024386675120714463,0.0024386675120714463
21300279,2013-12-05 21:30:00,,Arbitrage,Spread,-101.0,114.0,true,0.030222718184776953,0.030222718184776953
21300279,2013-12-05 21:30:00,,Arbitrage,Spread,-109.0,114.0,true,0.011179179895362878,0.011179179895362878
21300279,2013-12-05 21:30:00,,Arbitrage,Spread,114.0,-110.0,true,0.008900756564307888,0.008900756564307888
21300279,2013-12-05 21:30:00,,Arbitrage,Spread,114.0,-105.0,true,0.0205151584226122,0.0205151584226122
21300279,2013-12-05 21:30:00,,Arbitrage,Spread,114.0,-110.0,true,0.008900756564307888,0.008900756564307888
21300279,2013-12-05 21:30:00,,Arbitrage,Spread,114.0,-110.0,true,0.008900756564307888,0.008900756564307888
21300279,2013-12-05 21:30:00,,Arbitrage,Spread,114.0,-110.0,true,0.008900756564307888,0.008900756564307888
21300279,2013-12-05 21:30:00,,Arbitrage,Spread,114.0,-110.0,true,0.008900756564307888,0.008900756564307888
40800306,2009-05-30 20:30:00,,Arbitrage,Spread,102.0,-101.0,true,0.0024629328604501843,0.0024629328604501843
20700313,2007-12-11 22:30:00,,Arbitrage,Spread,105.0,-103.0,true,0.004805959389643011,0.004805959389643011
20700307,2007-12-11 19:00:00,,Arbitrage,Spread,103.0,-102.0,true,0.0024386675120714463,0.0024386675120714463
20700307,2007-12-11 19:00:00,,Arbitrage,Spread,103.0,-102.0,true,0.0024386675120714463,0.0024386675120714463
40800315,2009-05-27 21:00:00,,Arbitrage,Spread,105.0,-102.0,true,0.007244626901714568,0.007244626901714568
21700827,2018-02-10 19:00:00,,Arbitrage,Spread,102.0,-101.0,true,0.0024629328604501843,0.0024629328604501843
21000611,2011-01-18 19:30:00,,Arbitrage,Spread,103.0,-102.0,true,0.0024386675120714463,0.0024386675120714463
21000608,2011-01-17 20:00:00,,Arbitrage,Spread,106.0,-103.0,true,0.007173944234540097,0.007173944234540097
21700846,2018-02-12 22:30:00,,Arbitrage,Spread,111.0,-108.0,true,0.006835581480131303,0.006835581480131303
21700846,2018-02-12 22:30:00,,Arbitrage,Spread,111.0,-110.0,true,0.0022568269013767406,0.0022568269013767406
21700846,2018-02-12 22:30:00,,Arbitrage,Spread,111.0,-105.0,true,0.013871228759680942,0.013871228759680942
21700846,2018-02-12 22:30:00,,Arbitrage,Spread,111.0,-105.0,true,0.013871228759680942,0.013871228759680942
21700846,2018-02-12 22:30:00,,Arbitrage,Spread,111.0,-110.0,true,0.0022568269013767406,0.0022568269013767406
21700846,2018-02-12 22:30:00,,Arbitrage,Spread,111.0,-110.0,true,0.0022568269013767406,0.0022568269013767406
21700846,2018-02-12 22:30:00,,Arbitrage,Spread,111.0,-110.0,true,0.0022568269013767406,0.0022568269013767406
21000570,2011-01-12 21:00:00,,Arbitrage,Spread,107.0,-102.0,true,0.011957717510881594,0.011957717510881594
21700784,2018-02-04 12:00:00,,Arbitrage,Spread,105.0,-103.0,true,0.004805959389643011,0.004805959389643011
21000585,2011-01-14 22:30:00,,Arbitrage,Spread,104.0,-102.0,true,0.004853426519122461,0.004853426519122461
21000558,2011-01-11 21:00:00,,Arbitrage,Spread,107.0,-102.0,true,0.011957717510881594,0.011957717510881594
21000558,2011-01-11 21:00:00,,Arbitrage,Spread,107.0,-105.0,true,0.0047130906091670255,0.0047130906091670255
21000560,2011-01-11 22:30:00,,Arbitrage,Spread,103.0,-102.0,true,0.0024386675120714463,0.0024386675120714463
21601096,2017-03-26 21:30:00,,Arbitrage,Spread,104.0,-102.0,true,0.004853426519122461,0.004853426519122461
21700770,2018-02-02 20:00:00,,Arbitrage,Spread,-102.0,108.0,true,0.014280274181264319,0.014280274181264319
21700770,2018-02-02 20:00:00,,Arbitrage,Spread,108.0,-105.0,true,0.0070356472795497504,0.0070356472795497504
21700770,2018-02-02 20:00:00,,Arbitrage,Spread,108.0,-105.0,true,0.0070356472795497504,0.0070356472795497504
21700770,2018-02-02 20:00:00,,Arbitrage,Spread,108.0,-105.0,true,0.0070356472795497504,0.0070356472795497504
21700770,2018-02-02 20:00:00,,Arbitrage,Spread,108.0,-105.0,true,0.0070356472795497504,0.0070356472795497504
21000546,2011-01-09 19:00:00,,Arbitrage,Spread,107.0,-103.0,true,0.009519049998810147,0.009519049998810147
40800226,2009-05-14 21:30:00,,Arbitrage,Spread,104.0,-101.0,true,0.007316359379572646,0.007316359379572646
40800216,2009-05-14 19:00:00,,Arbitrage,Spread,104.0,-101.0,true,0.007316359379572646,0.007316359379572646
20700373,2007-12-19 20:00:00,,Arbitrage,Spread,106.0,-105.0,true,0.0023679848448969754,0.0023679848448969754
20700391,2007-12-22 19:00:00,,Arbitrage,Spread,111.0,-105.0,true,0.013871228759680942,0.013871228759680942
20700391,2007-12-22 19:00:00,,Arbitrage,Spread,111.0,-110.0,true,0.0022568269013767406,0.0022568269013767406
20700391,2007-12-22 19:00:00,,Arbitrage,Spread,111.0,-110.0,true,0.0022568269013767406,0.0022568269013767406
20700391,2007-12-22 19:00:00,,Arbitrage,Spread,111.0,-110.0,true,0.0022568269013767406,0.0022568269013767406
20700391,2007-12-22 19:00:00,,Arbitrage,Spread,111.0,-110.0,true,0.0022568269013767406,0.0022568269013767406
20700391,2007-12-22 19:00:00,,Arbitrage,Spread,111.0,-110.0,true,0.0022568269013767406,0.0022568269013767406
20700380,2007-12-20 22:30:00,,Arbitrage,Spread,105.0,-102.0,true,0.007244626901714568,0.007244626901714568
